song_id,tempo,energy,danceability,valence,acousticness
0,-0.43135014382074477,-1.6328024485644987,-0.9241218454288724,1.6523105121074344,1.5591246846657831
1,0.5807978848809157,0.5073311550810576,-0.18532164055037284,0.3605466670613597,-1.3677887120048975
2,-1.0005288455985575,0.38661554745764015,1.670868459047662,-0.4846447875999774,-1.1974889175642411
3,1.5072407045434548,0.17757468901165324,0.9302110321867881,0.5130324716666371,1.5521715115578842
4,0.9464814363699534,-0.9118186032193463,-1.660090061793982,-1.2927313133909089,0.8274258561755752
5,-1.4421101539584376,-0.36164041422561366,-1.527810572951502,1.3415822513846165,1.3372467310991127
6,-0.3173787626016712,0.34294398304034457,-0.14118335194203274,0.015116461689019207,-1.0310836080199153
7,1.2644419663034905,0.0047583086031681866,1.4073697775311633,-0.16974138877796457,0.3089346686504387
8,1.4893188764423722,1.7042401131733427,0.118841068379022,0.2999012956148712,0.7042140168977132
9,-0.14662889577224608,-1.2423823991728717,-0.02335705951992027,0.43379172766127255,0.6310167772577324
10,0.35378859074072794,0.6913702643981751,-1.387769210526918,-1.468681259731417,-0.31567387568760685
11,-1.1760741914295754,-0.3152170008308355,0.529474615742977,0.632751581654596,-1.6828562724861988
12,1.6484703592265004,-0.23256216946758632,1.1044082741897356,-0.8833065074854131,0.29271390276245984
13,-0.9545421725792974,0.7690838577695368,-0.43160562137021397,0.7405524948738857,-0.855401866272634
14,1.4824634556396876,0.6819961173242959,0.9427283523194934,1.1140997288306036,-0.16911531182645076
15,0.47797715850288175,1.7162518899327577,1.59953167325502,1.0501930940466961,1.596883976733297
16,0.33434013785395805,-1.2702288319631672,-1.0459426254228241,0.18512219331747726,-0.34740787754582325
17,0.008582566023602616,-1.3542812462145513,0.06538224483146077,0.07389597103065156,1.1868950618770204
18,-0.9579759341526048,0.7924155459914568,-0.7560067743613439,-1.224080619837598,-1.0801378145545995
19,-1.1435352517640502,0.2872563369392113,1.0026917537405493,0.9517601039006546,0.604382375978542
20,-0.9928780442818755,-0.7657117430907485,0.25409184337444,-0.7818965414559879,1.6645054727414301
21,-1.1095700671747808,-1.4397376363352217,0.4522791064512998,-0.006861521691980926,-1.3817568919127392
22,0.9233111351117635,-1.4181440291921414,1.0202876973203447,-0.7376390162810055,-1.7074840991358913
23,-0.5485680530041107,1.3802964229690837,-0.37752674063163905,-1.2552064076770668,-0.22714847080969477
24,-1.550303808013172,-1.0505400970885639,1.4277830316291689,0.45021479838908907,-1.4140173746657025
25,1.5728438988251838,-0.5953861971071654,0.09911267182861362,-1.5286917848942552,0.8686725262511997
26,1.2804390850180907,-0.9301304082596253,-1.205258889651294,0.8599029033541976,1.447088802658088
27,1.431124468784254,-0.4859286942663335,0.665516363793882,-0.623035773932908,-0.22562317045082028
28,1.6612856518969272,-1.4743335006349585,1.0041069136517768,-1.7151429180637836,-0.8358731552512367
29,-1.1525585491101968,0.08191715279731919,-0.6529862183872975,0.042793732457557944,-0.22429222690254688
30,-0.39051276718731176,-1.4806025820513644,1.226390222319044,-1.5544251138217642,0.7818687142698176
31,0.8501523136215507,1.0555230250484684,1.396669257020013,-0.7655204529666602,-1.7049282890845756
32,0.6369139740214336,-0.905709749362909,-0.7915950758288924,0.7165529755939872,0.31543756958863284
33,-1.221101999974672,0.15443527846396846,1.665762649312236,-1.4999397930631801,0.39841634322977293
34,1.0475455998503784,1.3314536247244677,-1.265224818195282,1.171908256392317,0.48334052580416254
35,-0.9793253154939245,0.5381555673436782,-1.0520312409004426,-1.7024648932392714,-0.8939693503094657
36,-0.9814603668173283,0.13001998996886485,-1.1139012955285315,-0.8664762694896158,0.7491644866022776
37,0.09181731115760006,-0.5920559242978598,1.3544036340327545,0.8332714975155306,-1.4183129046126668
38,0.2836270791795037,-0.562054253768156,0.5208238102400872,-0.6275653328218112,-1.0427877317801642
39,0.23957369149475666,0.6025658546571512,-1.2256049455949811,-1.3650733958996264,1.3180185158245863
40,-1.4349956751957222,1.7262316137600846,-0.22328327348500634,-0.4763200081123938,0.8350419916209066
41,1.258761429901566,0.5760959074253258,0.38521498002928056,-0.785392135205524,-1.688597600063867
42,-0.8382600725966788,0.21594484615834184,-1.4643106728600386,1.1835135502978988,-0.8718505134311283
43,-1.3046625880071625,0.8142611670269538,1.314155747302175,-0.6376184733704603,-0.9900989606891065
44,1.297445941930126,-0.10447942206970819,1.0400732840334839,0.9985001271302887,-0.7937716775256929
45,1.5267430341734682,-1.5064580243190784,0.002357515602495316,1.3526359212755108,-0.8746927070747123
46,1.2062100257584647,0.23156632706040417,1.6087472782438796,-0.223176096585307,-1.518792337524532
47,1.0258952672817458,1.599851470044519,-0.30174725772867345,1.4148042516058796,-0.13887849330827767
48,0.4971539555657198,-1.1078716582737924,1.6678104433598375,-0.4175467130863933,0.8141919909959964
49,0.1393981317042608,0.6735811968469221,0.5682151291202933,1.6010418527263912,0.37558118904052507
50,-1.4504187239392754,-1.0191601888226913,0.4525881143782077,-1.4084301014031704,0.6058136565336771
51,-0.34866152274937445,0.1399530937036894,-1.1774375376738058,0.6478956146117784,-1.4539662731859206
52,-0.4712373344505367,-1.380008552929631,1.3124565384869984,-0.01677412973291436,1.5756836877058136
53,-0.8582968686632211,-0.155824236363482,-0.26791433573304824,-0.3820065877290591,1.1823357560954642
54,0.7308198585326434,0.9025644729938922,-1.1903795291547872,0.46106589849295543,1.066065423143395
55,-0.0490396112809026,-0.5116268646480773,-1.7107241203517527,0.7058215473322442,1.1283524666129148
56,-1.4707786621872874,0.5867303641616591,0.19205885072430587,-1.7005956565034372,1.51030999666642
57,-0.9939165360858943,1.0385408040831725,0.07953619790016563,-1.1412498473674364,0.1580967510020156
58,0.593175459967604,1.4944686875164963,0.7470826271049439,0.7374336478654434,-1.0392660791817099
59,-1.4876249902442447,-0.9024908941355949,1.3414262837533206,0.5769104863666332,0.4105716913204229
60,1.1687816617945423,-0.33253254729663073,-1.4784211882138605,1.6078159637003664,0.8495171408257903
61,-0.05153881525276193,-1.187086406114321,0.7893111200984402,0.9025361037062902,0.8322371584566136
62,-0.10143991460332387,1.720500462238514,-1.1028177001579431,1.5552672004563917,0.07871298156718086
63,0.28180324876243995,1.4938565804343127,1.2298601956551882,0.7012921791429606,-1.498141631742657
64,1.0778696736963433,0.1542456625306894,1.0938374847101187,-0.6902391770778857,-0.44460539370837215
65,-0.5565058211100854,1.1997720037451607,0.12611613660121285,-1.3531270916712177,1.4687334042015097
66,0.575207536794645,0.0884870317872674,0.7153984848060352,0.9740449038156032,0.2980149383011147
67,0.19037760473311444,0.4436953787571838,-0.6613727633790571,0.5004129483741256,0.1374822500643516
68,-0.8333651294182332,-1.4061471040506581,-0.11601735125860811,-1.5498354943094692,-0.8005694018646409
69,1.2627683502822045,0.8994739966113782,1.1027867808802647,-0.47695112764405295,-0.45387881487922543
70,0.984459207765857,-1.272585192714213,-0.1574106332288101,1.5760018164461767,1.380244836743642
71,0.5081550405806282,1.1445126871205773,-0.5102758402595042,0.005887004514120737,0.5835053121975559
72,1.1666389746837846,0.9920858911749876,-0.03587676589846417,-0.22692003854946446,1.0044404458350786
73,1.2239173813312152,0.7384421958111814,1.1257821536300232,-0.14101596815335962,-0.15487396683771834
74,0.6792147565791559,-1.5894628292150106,-0.5888364293129571,-0.9970024037672456,0.45743838546918075
75,1.1201361963483785,-0.6654506636132174,-1.1502886725277113,-0.44717010156669235,-0.8718249338185319
76,0.6418864288000239,-0.8039506955130539,0.7215581518337232,-0.4433649181844349,0.719256194705535
77,0.5824892126328048,-0.46813810930976274,1.1178843007078616,-1.5354931630929118,-0.24796986810300906
78,0.371610435836806,-1.411275416871137,-1.4045878355327115,0.9250002265483327,-0.1959493266560269
79,0.8312274065951637,1.5283185987168202,-0.9203732951897766,-0.28273669608723206,0.5238386310992768
80,-1.2049622323331204,0.20216545685413007,-1.2608413892796475,1.1128787664003148,1.5227375246380022
81,1.2704481177745583,-0.6571579412397814,-0.5445544044523214,1.2097834605221645,-1.5136402956138566
82,1.2395092214661776,-0.34061221613005616,-0.18841105294489685,-0.9862987213724386,1.1344770324539988
83,-1.6483083756177566,-0.16679048134819954,0.8495780445540811,0.5458385963210355,-0.7186631189854182
84,1.0817623315254792,0.3641191997808935,0.5098867535283947,-0.0908499002777362,-0.19116665665615337
85,-1.3068733713490377,0.070217259853568,0.40479596544526614,1.3123322676874603,-1.6601656597350374
86,-0.5999992817012904,1.467520823612353,-0.5291361767907282,-0.9734094844466457,-0.6885074180823947
87,0.7996676513704343,0.005438850944916253,1.171681058875677,0.6162246614586439,0.013208476698362975
88,-1.1975771499759866,1.719373906677409,-0.11560257877114317,0.37519868201794987,-1.5408973827440027
89,1.0548590806452511,1.232277817201704,1.6504035426267627,-0.699702315073083,-0.026946526811188684
90,1.1034139566166992,-0.9929357732881114,0.45074797480589684,-1.2456682397728385,1.490816874245265
91,-0.009310526337096796,1.5062967530425528,-1.3154655046027823,0.5261820993692693,-1.369573019653136
92,-1.7266609511388726,-1.3118589867353374,0.5969319407988676,0.8253362778143847,0.9245646150703173
93,-0.7647856230826232,1.1146848977119972,-0.6239745896685918,-0.6297767309594232,-0.3103849903483221
94,0.36583731164303224,-0.397230234033142,0.6322286907148974,0.5027639391402606,0.5442072595985485
95,1.6142576630583096,1.3241687418907195,-1.5123818363060901,-0.3562664613936478,-0.8305647996205782
96,0.4168579643744361,1.2898424858239945,-1.146394260901216,0.7379869486089832,-1.1812547998579146
97,-0.8581261991032748,1.074797712290036,1.221375475678474,-1.0302606186749876,-1.1778770154209193
98,0.4243711769100597,1.019783098984376,-0.9645203582290627,1.346934976802902,-1.491063991775676
99,0.10213671876295093,-0.6600831939867239,1.1563571001794357,-0.7268521738250121,-1.0902114537781191
100,0.9242053877833022,-1.4345462314908497,-0.783347506993908,-0.45033918013586705,0.5756951458743523
101,-1.3818939996377662,-0.3198500390525666,0.4811417328153386,-1.5157568177952563,1.3327102600365068
102,0.8597124746635992,-1.1140270352398647,0.6594355593204005,-1.3319790212844507,1.0975174434967416
103,0.10652775293384242,0.69070065544062,0.028258888636144775,0.05907551092396146,0.6484997852692082
104,1.5519010401112892,-0.5167209549750837,-0.6928086466697584,-0.7950268668456754,-1.3520335469391223
105,-0.5768537565248065,1.6620996909509447,-1.0150684475103973,1.1586349452283704,-0.7297871930561456
106,0.41962846556408767,0.5038720169592674,-1.6391479606094663,-1.6650577070474448,-0.6580111717211051
107,1.4457789311085385,1.13209736581176,-0.6975531021535727,-0.4114368889725516,-0.8663481615516965
108,-1.3972170859546695,-1.2559330183906132,0.5168949082622493,-0.5550611927990179,0.05628369586040718
109,1.4636021221747482,1.2689295896697643,1.5085155168868105,-1.6491148638698658,0.12781161363044588
110,0.609033366609088,1.4791682945093774,1.2751648716201962,-1.2877508267982123,-0.4941293071542174
111,-1.5160502091426495,-0.028831797661393387,0.9095270884217368,-0.2925817883897697,-0.504909293457427
112,-0.7170591907065343,0.3837043926819657,0.9873655417483161,-0.020040473485632947,1.1477478205283442
113,0.6785605287323456,0.932491078655525,0.5580079315478522,-0.32475797827015945,1.0110745911988108
114,-1.5177174381760696,-1.1094787154418029,-0.8493851683952036,0.11093959444393396,-0.6650115940484348
115,0.24671701858356904,0.024830182800359143,1.4003269524689819,0.3317814842364437,1.4444424847073702
116,-0.5631072896553848,-0.33479228083961043,0.5779953346214729,-1.6814660997900122,1.5802935862075949
117,0.37950737910829324,-1.2079986561900689,0.19444084928540167,-0.11901381259750479,-0.5990582893031475
118,-1.591776161220759,-0.4425325823388783,-1.368587364527355,1.5990493574531774,-0.5026961147796961
119,1.2384579991057474,-1.4786652263748303,-0.19987138161833012,0.06998232742423076,0.0236615784202529
120,1.5878771334688746,-1.6252802918297655,-0.15360931799814817,0.6152925910765202,1.53958618017944
121,1.5720735313021004,-1.246790027743153,1.2520703235568427,-0.6427239748130461,1.3140132419689567
122,0.8207234362836675,1.6188525019266553,0.14647584432099656,0.9470993804630552,-1.379407705207339
123,-1.3027045154039913,0.18737704927435994,-0.4316732911086781,0.9434186949079755,-0.36935403638371245
124,0.8502370368813664,1.6282219655341355,1.6423889461950045,0.07777020051967445,0.1898337131350385
125,-1.6642807807771884,-0.21768530017089172,-1.3695224173949485,1.6421023558064836,0.01495325292308688
126,-1.6727234348205504,-0.6353810953187914,-0.2850982454369682,-1.2836851128599267,-1.061610378171964
127,-0.6394426559111231,0.037206461672582875,-1.6084219183502277,-1.6573024861395345,1.2530866548330395
128,-0.07382760424038755,-0.19340955684706929,0.8185498109416739,0.9339124197354628,0.6199782020952594
129,0.8918587481868183,-1.348899060794921,1.4381689396526502,1.0611916008238151,1.1803047413206051
130,0.5933009429768501,0.5033675127526693,-0.7807001864129409,-1.3020661938142557,1.2529039313496286
131,-0.2203114304602468,-0.9668814986495622,1.2304326970055632,-0.8019411847018427,0.868573331930427
132,-0.8107505444078136,0.4298586853561674,-0.7383394286404189,-1.6552221863962513,-0.20755812663230805
133,1.6688828378140335,0.5358148826602749,1.4127599618805795,-0.7065582282788037,0.38886127044869817
134,-0.28790230601238165,-1.188440264323586,0.8674376836536519,0.9441768934597395,-1.1782153960009942
135,-0.20151510898138164,-1.5022794498188334,1.0446054851951179,0.06629525632597101,0.608507068452103
136,-1.1877616618609537,0.9877023583332347,-1.6919482316086845,-0.5180785979796936,-1.1124669848533637
137,0.9754918091972491,-0.12318750844900805,1.5937368969269012,-0.4367389079972937,0.6791856869091929
138,0.6288996369113018,-1.5133060426381373,0.7725297863665975,-1.7109495134133934,-0.9372168859395028
139,-0.9919067389256667,1.7287477063337513,-0.6947546676188385,-0.6842245639267842,-1.3272508605406221
140,-1.4662038201503889,-1.5146324689562654,1.129765482818491,0.5083582209066458,-1.1610921148788549
141,0.5837179982552767,0.6909918751755685,-0.775539828407411,1.6358432783105525,-1.7295111305456763
142,0.4946494108790937,1.6900266342405876,1.2805529746756295,1.1984748368513682,0.7654795182856954
143,-0.8120088354220474,-0.8867841867590137,-1.363054717310773,-1.6344342691674454,0.8130348204410214
144,1.5103334122915126,-1.2222745342742165,0.6925962376616601,1.3756457383436498,0.056031986199240845
145,-1.2308286851285373,-1.2944891376872736,0.1257847930710486,0.9787736670328536,-1.174743474441579
146,-0.2668125109308474,-0.6649425980125799,-1.4188566111503003,0.9690643510369648,-1.4455939394204074
147,1.4854936762073627,-1.3648856040073165,-0.9133494568210254,-0.13999713184136753,-1.66985799652573
148,-0.31002195402423316,0.6810449641338648,-1.7114317628917544,-0.34637792467973044,-1.1594780257978845
149,0.43986334398100774,-1.4990184688617487,-0.12436344988141053,-0.6735075658790259,1.3646132636530799
150,-0.38587777851711147,0.048559902277759595,-0.7068771368275315,-1.4896010958635038,-0.8956584597913684
151,-0.8087334634850323,1.735083440656198,0.326301920199038,-0.9304249399767146,-0.5032308699123808
152,1.62382482650478,1.1026420901553828,-0.7208831585816419,-0.867233925109374,-1.3697391799181777
153,-0.34564279314266544,0.41473866004445836,-0.7115585559481199,-0.050271514815900684,-0.9624083076031553
154,1.315785769101386,-0.654633700531695,0.8299880318064347,0.855771784629451,0.07096968210261079
155,-0.9604271484616729,0.44476884381085957,-1.5871451729073895,-0.08559315076639974,0.37913513470229787
156,-1.0181765669088072,0.10954279945160898,1.3853729877220446,-1.516608282920154,-0.8823768392059925
157,-1.6418417745106768,-0.23988673047048695,1.2092963034444892,1.5794075908408935,-1.5354806776593153
158,0.4849008790228282,-1.262212541523998,0.5678141033448136,1.5275789203442938,-0.3752643188958269
159,-0.4855022891548189,1.3540379715848379,0.3084410724225693,0.9856236047663947,-0.9211861964786584
160,1.213855039655454,-0.15785345624780364,1.3485361227722716,1.694786254202328,-0.9721807739260029
161,-0.12672186832864935,-1.0410040229704343,-1.1100573226852584,0.1575362738073767,1.604826856110621
162,1.569727803537208,-0.44175407417023077,-1.4799423849362303,1.5965349281023766,0.40888994883948165
163,-1.1126983094983458,-0.2812598606509653,-0.9216389564796762,-1.4555078259932162,0.2020424263901126
164,1.2284721301810122,1.1496014736500393,1.0086867127580486,-0.4575816808974427,-0.2891368542800835
165,0.913071706795233,0.8245195219124934,-1.633997884936061,-0.9402436749895063,-0.24329489980392235
166,0.8936218356435756,0.9480492008205347,0.2722223993686732,-1.0418961210557107,0.1464390476080094
167,1.1467658583908653,-1.676438088876965,1.7072023289359861,-1.2312122522535085,0.6878192952430212
168,0.8596990686354233,-0.27425367346843504,1.2212323184935188,0.4256376297269659,0.7077176392346481
169,0.3976884546157207,-0.0486217609684659,0.05883057696199772,0.9723178839600626,-1.1387809979648538
170,-1.2987335341284327,-1.64819172440504,-1.5332484920191687,0.2738712033280487,0.004441636866480342
171,-1.637070662482796,-0.8153702294519789,1.1366472041365916,-1.2100212800913819,-0.3024238217516816
172,1.407460999937711,0.9168468260024292,0.3284616161295556,1.0748432197827746,1.2938497240888531
173,0.36488931135829783,-1.2400636008953554,-1.3548732042142388,0.47222196283833634,0.46151706730732156
174,0.9814132744725829,0.13816177290379575,-1.4281668913901469,-0.38022833232620334,0.1171954704523373
175,-0.09823274963207168,-0.969776082046487,1.408783832147011,0.6035546347483872,-1.3347581648583855
176,-1.3464985404209742,-1.6726671470932217,0.5726674236819828,-0.8214742876872917,0.37177355923285277
177,-1.3194997478170751,-0.8797880101033716,1.12939036556454,-0.5280668989617324,-1.328460137133944
178,0.6010805739454362,1.663011887060753,1.302201479251235,1.4407528457671386,-0.5626330956984255
179,-0.27376615082631295,1.0596092549157798,0.23384846739128165,-0.71620498506769,-1.2392143157762647
180,-1.0612917363833572,1.606605389522275,0.044922331639015545,-0.09874018368939326,0.6726555468414893
181,-0.0637124644945182,-0.026090145840467465,-0.25769800215392435,1.3466808636440728,-1.0184842362384308
182,-1.5284848178991945,-1.3348070003271502,-0.6523431659210949,0.719115472400258,-0.37238726672271427
183,0.24603478915862825,0.1819429051468345,-0.24320129449040873,-1.5016131036188973,1.3813889979272431
184,-0.826630053931395,-0.14195755154761475,0.936704405354401,-1.2088504516592082,-1.0252224940718262
185,0.9849153075500662,1.207814948650793,0.3387029902202933,-1.6886294439016434,0.031218495772662284
186,-0.6848482214491393,-1.37514174343513,1.3493039566681062,0.45490758847765755,-0.27696537292437473
187,-0.18837789743968134,-0.02475036443477197,-0.21265354058057648,-0.17550829771820087,-1.6733561315250929
188,-1.708720250580888,-1.195280119000067,0.3566689791961382,-1.2536703881493585,1.023137144066795
189,-1.5002510117306969,-0.5908716147189293,0.44089031500923187,1.5799040845695616,-1.4960976398734707
190,-0.40335981703572366,0.8374735003599182,0.30313973469091476,0.1065431415844664,-0.08556886035431512
191,-0.10365991323007755,-0.06705584228781548,0.688937052270319,-0.8834385647181158,0.2152696714868091
192,0.30789435991990444,-0.4136187364181287,-0.9288609716096256,0.0065833938986223145,0.45110032865904515
193,-0.748936329574847,-0.349283184443812,0.027246980981061597,0.6224416063702483,0.6606739184105144
194,0.6333539435121668,-0.12441155735463341,-1.3921124220812993,-1.453326112225694,-0.8548071588634228
195,1.1993375647683289,1.0024293409839828,-0.4173774930433856,-0.7705629401402545,-1.7017097134641983
196,0.9242245591328991,1.373006630143485,-0.05863922005933272,1.0605377978783617,0.7818542490339576
197,-1.6127621426613412,1.5919234014568528,0.5136310377126834,-0.1342550105249916,0.1281694053108966
198,-0.1017128295556941,1.0089599570486214,1.5510339271870757,0.16474289210232815,1.174071431659202
199,-1.3889215121477971,-0.6229529815012232,0.3342781678391368,-0.22662119917889176,1.1227987488543283
200,-0.9189898659071133,0.6671082352734201,0.8313815818192358,-1.5645805451730863,1.1991640230625364
201,1.6330268996855637,-0.20001535623437516,0.006041328034310525,-1.14538950266182,-0.047836187964932025
202,-1.2601742962934153,-0.8331694155342667,0.4506154527540277,-0.18284212677118872,-0.575088702700484
203,-0.038715194526449136,1.1957511516353478,-1.5078919699160147,-0.9959609047617811,1.0189602662253465
204,0.3700488142746296,-1.5816200068694493,-0.8698868037939507,-1.543667112181459,-0.1654955458414027
205,0.6590006076139264,1.4065010815603085,-0.4961746187759407,1.1867396636348975,-1.097885325288745
206,0.16952846778073555,-0.11738304388664793,-0.11140789551437062,1.6599182771818668,1.2397100758331256
207,-1.7150596741805297,0.4908214600062407,-1.5958187154707608,1.0129848645512711,1.3357361623540696
208,-0.6296711605959079,0.5674940609535103,-1.2676154522636982,1.2216072458987854,-0.11322624590578051
209,0.02579827299647033,1.3835044313368603,-0.7919086877404965,-0.883150149184418,-1.4729357571125126
210,-1.4474036067285443,0.48898084703691624,1.6240700121164042,1.5891681139115177,-0.3864270844957495
211,-0.5468486798627655,0.41028814777433853,-0.6022637277307594,-1.0381372596467204,1.060660632945782
212,-1.6347506327447996,-1.483927081797342,-0.07820444517186216,1.5575277823586338,1.4026204279602175
213,-1.479236238022957,0.07966129252012236,-1.0726117454311501,1.7067974349687784,-1.0281591994121289
214,-0.38817790416322107,-1.1948636194499198,0.3695031738040598,0.7328813856953664,-1.503311275078015
215,-1.293692421419766,0.8377389394082174,-0.7784540291597484,1.6597504031671162,1.3176022120001711
216,0.19657716691554955,0.05825036225743576,-1.0347233519338315,0.24373956694425256,-0.3809311270757278
217,0.6144458958401103,0.6397412950385074,0.04188383869628693,-0.8227237644316261,0.14941863709952566
218,0.9952917508334623,-1.5703832538209106,-1.7354213309615907,-0.21224145322147692,1.6333814476295514
219,-1.062575194542182,-1.421142180329075,-1.7279157772508493,0.32637778444457827,-1.5047345964823295
220,-1.1745365873566065,0.7646730650519767,-0.9927265993406311,-1.4641891639850622,0.5203426134703171
221,-1.390163348081658,-1.465125174699937,-1.626864917358631,0.4253955170807863,-1.478485515571926
222,0.4326807889335596,-1.4679896384050788,-1.378894091233525,1.6598677319913342,-0.4294422369893483
223,0.6727466118976216,-1.6727097170064602,-0.5761340037431174,-1.061592912203198,1.0616244693400305
224,-1.6402924293328838,1.5959615483212568,1.0365335503208997,1.01110045395107,-0.2275333286095253
225,1.4601191745112654,0.8379971080099098,0.23480930844957018,1.4077712242424043,1.7347358317154378
226,-1.5704267457510086,-0.49196801923776123,0.0283040033714007,1.5309409633437496,0.20963391427922876
227,0.1066297373726877,-0.6882691457894586,-0.7339207676610898,1.5874776859906397,-0.6184835676507051
228,0.681605434439449,-0.5042487444120346,1.4857331692948896,0.07833299084955524,-0.9702404609213096
229,1.2365123896246564,0.9665615566505658,-0.37389410978659465,1.6465543003655398,-0.5162873417039318
230,0.6988323839814079,0.5744740930799022,-1.4516914329407644,0.8897123733773283,-0.43966122096835786
231,0.9992035991326388,-1.0736319472882128,0.3913651508132007,-1.1594199284544515,-1.4972541241960544
232,-0.5851545503213363,-1.112002893149413,-1.3586798386801269,-0.07496189416537968,-0.44996172842509985
233,1.0440908578822528,-1.3740581696515952,-0.5540075578937427,0.7556156742014444,-0.12043619861169456
234,-1.4739707311226906,0.5707779770382191,0.010026280587361986,-0.8646995761359526,0.7793969831470519
235,1.3182446829940866,0.9309780827281948,1.2856605291188172,0.4882550573401666,0.5496228797269259
236,0.12820806469187807,-0.7972573507460594,-0.038192409634184014,0.5776503602967153,0.7307602565058768
237,1.0525653558127561,-1.6421254479987928,0.6876329136777181,-1.155882317465803,-1.7073318418632237
238,-0.19832341476596665,-1.43021156010171,1.6980885636613285,0.2284151910012572,-0.9787477434344513
239,0.457177123281334,1.6352753212043285,-1.2972970106049992,0.9389650777616356,0.5668705006025336
240,0.05558486839023643,-0.69204456487991,-0.7991518494696432,0.0007078082382870297,-0.051683697403789725
241,0.7588187494854655,0.947766267571592,-0.38237594815172865,-1.6739688290845027,-1.7179495784463654
242,-1.4687779292229586,0.44742606974470756,-0.28760301305608504,-1.684511911395643,1.06399188086383
243,-1.5417033532023205,-0.39267418239757373,-0.32518620064720316,-0.48734447146078813,0.9536964795810636
244,-0.9016539099634702,-1.0027074297571592,1.4017735517752974,1.4707111134711452,0.17259575869661894
245,-1.2017420415046705,-1.2944840195791756,0.7285781948243021,-0.9289063685647132,-1.5050875762863585
246,1.2393037174968102,0.41402403886536415,0.3595054633505659,0.4667484995006244,0.9317853068250521
247,-0.9972383108635829,0.9664931973563679,-0.6786823399910846,-0.9516149905188218,0.29545528985678204
248,1.5960213453886323,0.5140206741992894,1.110275826322374,-0.6089886602370036,0.9855489417603973
249,-0.5939092101537576,0.12082841575489241,1.5667857433004742,1.2018506025411044,0.8803778511306793
250,-1.1243771264254852,-1.5694199409749094,1.101261436351676,0.7918421777498488,1.058796258325154
251,0.9579748121941456,1.6374514846506043,-1.7491256360773064,-1.3874111677724883,0.06673504282605651
252,0.5090322228292811,1.0498387473128745,0.4586047643358011,-0.24077422652556632,-1.2479775216891529
253,-0.041088373567865016,-0.7011222244038549,-1.5767381845873112,-1.6152556977501336,0.5998465605287673
254,0.15484209662807907,1.6771906836824026,-0.8587039753160105,-0.061235252237765866,0.4234171603707868
255,0.7163624202018604,0.36857456734745175,-1.5475631745758,0.5633167687989152,0.8473300124404577
256,-0.9655676119946951,0.30122458148584486,0.3452132038964922,-1.3079304229553814,-1.145091690064026
257,1.666173280664823,0.8745633746745892,0.6331423245326464,-0.721776661610016,-1.0577390581936335
258,1.5923469746658052,1.0950259272232865,-1.3564220013507995,-0.3469581789240082,1.363060680383657
259,0.4803044131446039,0.5575422084154478,-0.41971601159929045,1.4477887335045085,0.874219305125816
260,-1.0646582755473317,-1.2712621298512927,-0.16794331294522827,1.701415962425164,1.4250883376744288
261,0.5827889995645676,-0.5438293265101815,-0.4711358772453269,-1.5611012502177315,0.9046345322290763
262,-1.5011026194847903,1.4976038556234301,-1.3336874246615433,0.9024333553020345,0.34224577349686175
263,-1.643492288819411,-0.9371938589918348,-0.2976199595964107,-0.43679129750071966,0.5405836275911138
264,-0.8653944171980578,-0.4264985236465217,0.857756442374187,-0.3654612283989054,1.3585994672995845
265,-0.16300636468553226,-0.2191424219760605,-1.5076295877327899,0.8792360793123504,0.2783746536572124
266,1.22727030964017,-0.19377885626223929,-1.475731480994948,1.4439886850447594,0.4649019925775919
267,0.7436686000264549,0.40684777188451754,-0.5208025567727849,1.5558034862623578,-1.1917518864820174
268,0.7969198765965338,1.5494938727017729,1.5204121432539996,0.26982613893703594,-0.08673081773341004
269,-0.2902601677956369,-0.8815488478113387,0.5704848019975894,-0.4870286059249899,0.7573252792467923
270,-0.5629292915652816,-1.2940861339484202,0.6055995857103961,0.9937409661968595,-0.7932969739793154
271,-0.47689151193114115,-1.0311467869052608,-0.4959419730598249,-0.852104674790332,-1.0324010011644469
272,1.6364095289173184,1.3551479055086824,0.309968524193985,0.2249361462651789,-0.644017826446391
273,-1.6110815183316183,0.5206195324071674,-1.7193359191029465,-0.4820151561507433,-0.8957845193411055
274,1.2230170169432752,-0.7250568284431157,0.457542958930688,0.543353347563827,-0.9883370436467354
275,0.2347384801225222,1.1094836097344156,1.421512431014001,-0.8885795746347013,-0.2575442985403825
276,-0.24528704162180023,1.2666989370242208,0.37573995939625005,-1.0564831576675942,1.4237308393298354
277,0.7371176551412931,1.2152815024184815,1.2838384862656842,1.4433441741887216,0.028623706061376833
278,-0.08059391845214774,1.4659098744756702,0.7631473408637081,-1.36537856159466,-1.0822968111996032
279,1.2449233392437855,-0.8415785952660209,-1.3353100349594846,0.02500352465150309,-1.4685081397854842
280,1.3384149688092761,0.8986831558489368,1.3838369572970894,-0.9558226893769388,0.6868666809772607
281,-0.3031892842565121,-0.12062947537911771,-1.523500899917469,-1.5816783998732558,-0.4039271530226514
282,-0.7997793558275327,1.199651758775715,0.10237680082163854,-1.5916933982522101,1.1243393781293776
283,0.281606330440119,0.806785693475274,-1.2602671129761072,-1.1128037035103886,0.55930450057413
284,1.3783821915445276,0.9727705394912292,-1.7138571561242206,1.2662800763231468,1.0352626043911635
285,-1.0265477623639159,0.556445825936498,-0.2868863359951393,-0.7438154233707688,-0.7898043538753916
286,0.3865369664529605,-1.1005138839549686,-0.7285238761185401,1.5541885616140896,0.6736485877158915
287,0.4159898093148699,0.17179288463170606,-0.06443496315981095,0.2853061501658507,-0.8172486676534811
288,0.76404022067358,1.6934559760171093,0.2527234655394037,-0.21355457357216054,1.532442029728427
289,-1.2976271809662585,1.5298077293744587,-1.6024598665777428,0.2800307061719093,0.47876662582975515
290,0.7047891171293675,-1.5651886608132122,-1.326807633043838,0.06195320026014841,-0.6068234788605253
291,1.366966504651986,-1.1441724789380792,0.1881872414530951,0.894755905863337,-0.7982776995299671
292,-1.1327219036779106,-1.2586877331570117,-0.5611568489962757,-0.7437558317811801,-1.0718322449615352
293,-0.9344184444117918,0.7980955896819015,0.7812325584841139,-0.50103296896396,0.6815923331740211
294,1.5807008263097881,1.1158465285199755,0.5138653923876519,1.360280647225958,-0.9750989232603529
295,-1.1282875319010206,-0.9756271502745211,1.1861369368750974,1.5404185133511958,0.33579884099980595
296,1.179674188585326,0.03620560569200941,0.6536705167448311,1.3549962010982417,-0.8152539135120805
297,-0.06137056728412949,1.195167772458547,-0.2594240681658593,-0.27261017581883046,0.5678613865957146
298,-0.9012157644828445,0.821706187608357,0.585765456559455,0.9690278138905906,1.1003511186691726
299,1.235761051696392,0.16213731032252238,-0.7968926066649613,-0.07690346570676934,0.9718521729447558
300,-0.2223590666825884,0.32865418685952685,-0.689321194995081,-0.003956493514700313,0.9120699603585793
301,0.015878717726989972,0.04488562646624219,0.9892358731584032,-1.0114603512055662,-1.0829859605761003
302,-0.5173519620563375,-0.684763466018333,-0.20208325437135588,0.3180158593401908,-1.4287786372988562
303,0.2836644934573522,0.2409985321029503,1.0219089055077228,-1.0752566389079827,0.6965879831246227
304,-1.188104214236293,0.6697061491268621,1.1055183815251421,-0.5749486184279484,-0.45423285284940995
305,-0.40819921137351867,1.3080696033471428,1.2277224379959324,1.2258912909003448,-0.23145294519353474
306,1.573905302284435,0.48767140215794264,1.433156563839361,-1.0032185999797527,-1.6280160597448432
307,-0.8638502737864715,0.9197255000460666,-0.2557581405122302,-1.4708056720409468,-0.8328627705219667
308,0.5022766635081664,-1.1605892672540508,-0.6456653002245294,-1.4782045416454694,-1.6192185157467975
309,-0.6340280763454833,-0.11710611919602767,0.2701076880357388,1.5209055737690103,1.3239909402792962
310,0.902365803274607,-1.6823207880530038,-0.46376536650044875,0.02831484667384977,-0.8891843705126867
311,-1.3000058005167696,-0.8608299660758746,0.33574955714060234,-0.3071360214170975,0.20363924829514551
312,1.5753061116729365,0.7997631822040062,0.6992033496166151,1.0739997143362705,-1.6007591167048463
313,-0.19328099795930712,1.718169212055052,0.6394546017423539,1.1598242389992472,0.5848432089566399
314,-0.9395349067273179,-1.3713500051189655,-0.45200933958434997,-0.5727938874180748,-0.6119908495027181
315,-1.4966528437350743,-0.32499281094283683,-1.174289210179399,0.6705969503734197,1.3892017638571503
316,-1.1667384072147509,1.0545347356359336,-0.2573435330278957,0.937230876333136,1.3550845900816788
317,0.03286638088520233,-1.008423935499953,-1.2586777620835083,0.5365403682109389,-0.6041124207273599
318,-0.5935411723025688,0.20660508426686217,1.3408663220959296,-1.1940848943936169,1.3997899208143483
319,1.0922724966656123,0.8226398331090871,-0.5517320773031275,1.2976299284260584,1.731168929719421
320,-0.2717727432062233,0.41738993097998406,-1.2174134956590439,0.13900108989348584,1.1368177431800743
321,-0.8961324213705137,-1.0638398196388124,-1.6660704204841161,-0.743837157370054,1.204542778708973
322,0.36658469364356666,-0.4845848641691121,0.4913676432078978,-0.2527250077405777,-0.8696488718580873
323,0.6737799054634721,0.9981902836997325,0.46034687735126817,-1.5863532305665522,0.2710494131698556
324,-1.1760469040402508,0.20363392437601757,-0.5700706828015375,-1.2757155306624204,-1.5023285849078474
325,-1.1740683035771577,-1.6965183849894407,-1.505180550849837,0.9180479484321221,-1.406037366561928
326,-1.6228637174800613,0.9192728631606498,-0.3300276993073954,-1.7155662663171167,1.740689222757151
327,0.7753125363431678,-1.592401421260632,-0.6722668736222395,-0.2825254779493347,-0.5994178498005912
328,0.5265002456874265,0.8664664072162545,0.6002116230316106,0.08194709456129023,0.8679748049223974
329,-0.12185180217643722,-1.0138062579323577,0.3521121290053626,-1.5276515113824396,1.071547057923861
330,1.1446656895176537,1.601402735507176,-0.48664368375722816,1.6320030193362083,1.2503244888968879
331,1.0127141966941817,-0.4411262228367825,-0.9968171873036483,-0.9376839288813957,1.736288156470506
332,0.25762916623797266,-0.5830643693423789,1.6814624209862707,-0.6690937868807249,-0.8957989401625875
333,1.2272661115753078,-1.1992971618230697,-0.17571544242189147,-0.6699751983108494,-1.59598491766941
334,-1.0430706319932914,-0.65688137983979,0.6389997868793225,-0.922920778582168,-0.3050922685778514
335,-1.3649667048706016,1.3195877270257441,-1.2657762340328844,-1.71053601066963,-1.2836362529674303
336,-0.824038316629175,1.7338287231108647,-0.06586355625891295,0.7935050174975401,-1.658381442275436
337,-1.5528942203001843,-0.4398498282764016,-1.6588057749818668,1.6105612461368488,-0.4818036376973642
338,0.07192228109465623,-0.16191689041000848,0.003221167170247866,-0.9439859008479049,0.991739095060078
339,1.4614676263201811,0.784566111187756,1.5979345794211084,0.5654262472545933,0.2344234566240464
340,-1.613705621756651,1.3526243237466553,-0.41843683240409685,0.8366851338693135,-0.6476687546962983
341,-1.330041659470036,0.3379876344651839,-1.618954508965476,1.2031692052099043,0.5413120889747061
342,-0.19873213988878324,-0.3594955410895464,-1.6469154852894776,-0.2616661166678132,-0.9287928226457929
343,1.4521088252411107,-0.28647894632990606,-0.4052911993469686,-0.6734553542241327,-1.6863840663108352
344,-0.6649900307231835,0.6930094317324617,-1.1980597848733663,-0.5965173424233182,0.9242605797189133
345,-0.010108826978985002,-1.7034799383729597,-1.6733583787252657,0.7359725233310838,0.4347975595446785
346,-1.6060651119714295,0.42986347058973684,0.8752683160139088,1.0943000971749577,0.9171218984177054
347,-1.2401327046591462,-0.484209532628719,-0.15999169506151079,-1.0908131024487817,-1.600902895413598
348,1.6329156146801074,1.034205284413248,-0.7486800393822328,-0.43948519524811225,1.1775591210153435
349,1.5591898219995877,-1.392765637788683,1.3755945242623424,1.387272300657668,0.4201186266328339
350,-1.7316164311462385,0.3212285867633413,-1.3506793015736798,1.0596021553777417,0.22472771481720694
351,1.5135832434907925,-0.04990674794993032,1.5697706603207364,1.6725297127899172,0.43782937370263303
352,0.44189911760629785,0.5085564849479445,-0.6627060750120671,0.8791785805188066,1.2726375492427486
353,1.2260563279224708,-1.4901517462065308,1.334977419863168,-0.36292573053643334,0.3066742372985041
354,-0.19002400004153594,0.2927833208189688,0.34224825199451336,0.31632165351347363,0.28583659164498915
355,0.018547457790238822,0.22875509669972943,1.1204200097730033,0.5584324815406203,1.7120982701063652
356,-0.07313052922006072,0.2259014133569317,1.667472570616046,-1.445700511798222,0.8977242311476
357,0.5369868126205006,0.3741334162982201,-0.7515989393094652,0.15758659160506208,-0.19682552437369824
358,-1.2699224828162583,0.6267279748954184,1.587912300414883,0.7246180397552527,0.7259959817804068
359,-1.6458191149770067,1.07155670409734,-0.40009166196053436,-1.1399831034824168,-0.3815384459158423
360,-0.6931834383373648,-0.7807328829654218,-0.4138978486279301,0.9699436517963389,-0.9397325912198629
361,0.6665947592912854,1.140988490135015,-0.5708255468886352,0.2927043144011241,0.34118953989748574
362,-1.05673781547379,0.00991132718460715,0.12825089259386258,1.5602523569196873,1.494546647753806
363,0.5594978239309172,-1.4479096867331909,-1.2185079222462325,-1.5696639767638472,1.4978794235906698
364,1.575617998147338,-1.511966120561234,0.1710393201373598,-0.8028242750378053,-0.5462769602639518
365,-1.4267226256296635,-0.5577748871167656,0.12928446406361316,0.3538753221731092,0.10039412459182472
366,0.5566520973194441,1.0020155044222316,0.8950498089532174,-0.6953730148588131,-0.9997433367007694
367,-0.22768861743864763,0.7347603686044811,1.144563863505895,0.7421746702722513,1.7293359658268639
368,1.2268239022162575,1.0148839607696705,-0.22287314893404436,0.8955438166954263,1.6788156595389014
369,-1.1414043117164965,0.07571917931398081,-0.7031630596540037,-1.362928153199481,0.5244882016482714
370,0.6252794862406256,-0.1910306865927052,-0.8526957410536938,0.05216946772014732,1.0637113731209653
371,1.1239129318945928,-1.204265702684541,-1.0777373519931601,0.035092497608765885,0.7528106072276773
372,1.4889151325956935,-0.578699403172647,-1.5540911110386109,-0.4451967898627682,0.3283319547440696
373,0.593138666793592,-0.21241922555943596,-0.5636585721692235,1.4938665700310816,-1.5507419015175736
374,-0.04458746872065265,-1.4079607471487687,-0.814744996598417,1.1312029027116295,-0.15341571239940296
375,0.36899151696884636,-0.9510510631739275,1.6062808355127143,0.6829519199747981,0.6124784763860757
376,1.22943799576573,0.3559196352913477,0.18494062271695844,0.7418391507024931,0.6220348783633176
377,0.20709515675134665,0.8316104654587065,-0.5468648513508088,-0.12719816531841685,-0.4376097182308779
378,-1.6444020359886244,1.7407965890058248,0.2640873911807183,1.4528234927855068,1.5415744314585194
379,1.4420794852341778,1.5150122945272873,-1.2704928363412713,0.6739593238182675,-1.153877617069399
380,0.6146576400089789,0.5093860277030705,-0.21034531147113508,0.7922536955345982,0.005300376638399189
381,0.5700571265191577,-0.2566224617455539,0.4232474543128888,1.2488056152039086,0.6685143161031846
382,-1.0093669073720064,0.48727686991863434,-0.054359071903693164,-0.7727379397858422,0.6902768700315475
383,0.5096412333447772,1.0046274185842257,-0.3573274814047213,1.0609004424180661,0.5214598347558693
384,-0.3986615257667387,-1.3050412673894851,1.7016759202771137,-1.0439343905219225,-0.7781702802830031
385,0.4834139570689376,-0.29588268066976053,1.3068471225712723,-0.5275517465379775,-1.1926922665265918
386,-1.383222444558903,1.1920501816246636,0.4134114321754679,-0.5610303040466319,0.4772560339387837
387,0.5060762891286622,-0.3861211732683546,0.2255195573474703,1.6507429839471508,0.3497187976464868
388,1.676728666762699,0.2647082693475646,0.4038636537674176,1.2310757884060899,-1.1121092973169762
389,-1.5833107495987615,0.31973024041833653,-1.0544779695559698,0.6965768672428962,0.7181364135133296
390,1.6005074162640769,-1.076121592587081,-0.38042267161252985,0.7856336674841871,-0.15199668977396041
391,-0.3539575431743474,-0.46087306893932356,-1.6173425533333754,0.21805144648344388,0.588022049842673
392,1.2357732153532994,-0.5568301009759088,-0.10079177245044746,1.5426001466218897,1.1784204986832703
393,0.9329109967748151,-1.6239484416590306,0.1338741510869347,-0.008363765189155893,-1.1456228106882445
394,0.19477925673835095,-1.6308878254426293,-0.9625374820807734,-0.40653917194985784,-1.6698026433597415
395,0.7823288545752788,1.1639968461478392,1.597974363760359,-1.1547278011007465,0.9756023937718735
396,1.2623761829944744,-0.7694838837138204,1.408184953412145,0.9891192502929252,0.38590476189188827
397,-0.3634430314662804,0.07852169411766363,0.756783890181149,0.8110472072816854,0.6989924459426786
398,-0.6277112562067793,-0.680689287098096,0.10035683670330899,-0.3933378921098959,1.181163153872195
399,0.5394857422473825,1.541198942412706,1.2708688673705046,-1.628935241431879,1.0581309119209135
400,1.0201712459936385,-0.8171577321313116,-1.300207014459421,1.1707345727536613,1.6085074604989984
401,0.8640213681686053,-0.22751861132142587,0.9945379987593802,-1.6763258429154282,0.12913878961506434
402,0.9857877168894307,1.3060183085546402,-1.3204869613612074,0.7052803583982198,-0.03599743688449091
403,-0.2556789279256767,1.1994268331257898,1.0074082770471007,1.6222979571163312,-0.33748050463770807
404,1.0544039099508167,-1.0704966783507628,-0.7955488684155702,-0.20995218033882596,-1.2014487862295373
405,-1.3365564440574824,1.0634379550709467,1.2956345893697243,-0.9072445508416234,0.2567941823355405
406,0.11757224542455877,-0.12877217771257557,1.5284676808756115,0.7093096563421343,-0.7721679717840719
407,-1.7288105828347826,-0.04299838438494045,-1.2371100617816522,1.0954996199145837,1.4706162846160389
408,-0.6360989596728058,-1.2526265973891093,-0.14555047085848713,0.16423777755857116,0.2936354860048534
409,-0.4925789778724578,-1.435646073871442,1.6569499870721107,1.6112141166982505,0.3272248658725611
410,-0.3907503715904949,0.8048773268986495,-0.07345267828538622,-1.537854185501514,-0.5009566221316107
411,0.6350172754719032,0.0037002171664174575,1.248536741275858,0.021004916913167172,-1.5554713308914188
412,-0.41684774398365,-0.20261958830873034,0.2928263132118667,0.7560380375228309,-1.6259460105836532
413,-0.21074616465571538,0.8103075764094687,-0.44930714256735815,1.2520723420339417,-0.26282043024885393
414,-0.9344156821897838,0.9349245959566378,-0.7607168954872833,-1.0989263808066265,-1.4420745174898906
415,-0.4693068317201371,-1.1646161844306482,-1.0478322624996737,1.0365869094018043,0.37598230635459456
416,-0.9696293358417112,0.3974527531510497,0.8946894518879821,0.18583125259581326,1.3302122801879137
417,-1.49768385186046,-1.2461400504195874,-0.4103207434424656,-0.3513717952309194,1.336971703977249
418,0.31964324854071385,0.8859917187028383,0.023462214727183017,-1.2624767568171986,0.5576845923703532
419,0.5416086471947368,0.559191608547952,-0.04243895396205023,1.2612071334292871,-1.0011498901282552
420,0.37462290910613233,1.596353427645562,0.2529986944601757,-1.1745508293011966,1.2676374015605463
421,-0.1600209009359862,-1.4759457885898617,1.2555950347106235,-0.6498658806434399,1.348036443457453
422,-0.44691298979173405,-1.5171446985452477,1.6560874127184169,-0.7177839585978256,-1.0518966170089679
423,1.2103434423727246,-0.7379312621186096,-0.3371383771309983,1.2822553863709747,0.8305269217890944
424,0.030494139475033814,-0.8088201182938602,1.1232423294850904,0.5986443948566249,-0.7390741164825089
425,-0.1062542210150128,-0.8597918521485547,0.9041820225996156,1.025158185921836,1.057536976844246
426,-1.6606644830868327,1.4220505358227844,0.23995728335941957,-0.8539399822165901,1.7349291867750165
427,-0.5789935422947492,-0.8509057318239948,1.570216892182158,0.4341021627551345,-1.631925515708603
428,-0.4455083560212755,-0.7733641060852541,-1.0573908119259727,0.2513294070188139,1.387275658540774
429,-0.38166775992833,0.9137610141715194,-1.3745871895856834,1.1495188645570638,0.4309247799805374
430,0.23986899114557922,-0.1580085371395634,1.2152016538214674,1.4015384512844287,1.651889198758956
431,0.080260930043829,0.9736812002600195,-0.22736463488531702,-1.6737842447577118,-0.11775236320808781
432,0.33491694279742107,-1.4883776962586992,1.1908821426979643,0.6031749146630137,1.2133029777266418
433,0.872925889450299,-0.0270691287105423,1.351275482367063,-1.5372794011850048,-1.5192526188610043
434,1.0377867951549096,-1.5982775794296586,-1.5373636349570325,0.17259184821034623,-0.5693427921858287
435,0.7126654006989387,-1.497767596292644,1.3178016836021471,-0.72608454721017,-1.5031618510655065
436,1.5263050193348249,1.4226834833262798,-0.19547734642732403,-0.6602252961066947,1.6587137290146785
437,-1.6860588945889536,-1.2326717749746294,0.02053065952891167,-0.5013490850082992,1.1074320740064478
438,-1.0775601713818956,0.1281609996366045,0.42449310814824687,0.42178047348705555,1.2312631119409068
439,-1.722627025339691,-0.2917614627308362,1.4670543863523118,-0.5663987383315291,1.5286016346786446
440,0.4705333184862767,-0.5124166886315809,-1.6880896577700641,0.805044419704524,-1.4402013689726716
441,1.3292596103683605,1.3998257761105484,-0.09627977834115169,-0.3239404486206314,-0.3941844611418246
442,-0.9140638950601807,-1.6390850634230412,0.6370794585801791,-1.4804557994066714,-1.4891740113560659
443,1.4286645746279767,0.5828468382496722,0.7587443117896727,0.9807051106113625,-1.0026771044980647
444,-1.5419936226660806,1.6198192751984126,0.6538082481184949,-0.7325329231300202,-0.9380258112767345
445,1.4540315640073673,0.22419884320604852,-1.2870518574622039,-0.22679019208573864,-0.10348833401405308
446,-0.5434359400064015,1.5278500960483778,-0.713379179634676,0.642475939252671,-0.8015835775400524
447,-1.4009490551831492,-1.5337472151315859,-0.5070859421693659,-0.5718818006856854,-1.3849419768508944
448,-0.08332608929971529,-0.2651186279203291,1.0429724938695348,-1.5209388170279063,-1.1534109665215486
449,-0.8685006369853315,-0.8141775839293387,-0.7851427192513369,-0.4292331865190759,-1.2237810039622894
450,-0.7722064878655823,0.8148511338743532,-1.0218130211585967,1.5335107777260768,1.6508246381099896
451,-0.6953768208574456,1.6817827829062681,1.5750886290946216,0.4921054061743252,0.9066437099313196
452,1.0036515803970967,-0.8267336415563636,-1.723745211911274,0.5944340889556954,1.6323220196001749
453,0.09931228264969044,0.5495677334300956,1.7154907197198996,0.4595875467656967,-0.2057136014736269
454,-0.6816068999946158,-1.0289761607540318,0.5991706239708486,-1.0310282568370113,-0.7674478981776874
455,0.3432407577423121,0.24206546746168459,1.1265473973699898,-0.2764430349037829,1.0424047135356025
456,0.7059054166028651,-0.10888588144603858,-0.729989044121568,0.8677967241171115,-0.6007591844058471
457,-0.8141869651515116,1.6496227454851022,-1.704785158166484,-1.3668605609439388,-0.6942952741321883
458,-0.331196459921832,0.3915761726397477,0.8114742020180613,-0.7597298008228102,-0.9270947544196285
459,-1.3308087567391806,-0.5049300953176993,1.1462840249492687,-0.7650059648703368,-1.2850345373308238
460,-1.127696678822109,-1.3197178845293434,0.820539058493599,-0.22936331641553542,-0.8437004431734936
461,0.5858379519634063,-1.1911331116727628,-1.2577869888204238,1.6570842590858266,-0.49958132625187374
462,-1.126706199716671,-0.9347665024440764,0.8655806901229223,-1.4833822405789958,0.609721205206241
463,0.0513375118090708,-0.8459893230442791,0.9194661957704351,0.06884262940172849,-1.5186581576341143
464,0.6815565691383421,1.2294781055477733,0.5355966868603629,-1.098551154939789,-1.0036732310888667
465,-1.3822494630266242,0.22784897271194993,0.9097049913507717,1.623740910882905,1.0797572760451006
466,0.19579359139794983,0.0969077448151638,1.1872396146545137,-1.3258165696260156,-1.2250120210713678
467,-0.8692333357794881,-1.3173882397161971,0.37932417219995535,-0.3271274167242932,-0.5437014858792028
468,1.5516778257542634,1.2624406923770017,-1.446433428753343,0.8228852082737634,1.2734231215716483
469,-0.09129834001343107,0.7871389977210959,-0.058775748470093335,0.7082205424920454,-1.1971523109166011
470,1.013819142545325,-1.4804094565832868,-1.4845322666083631,-0.2613240209534035,-1.448439655138434
471,0.13723610271540984,0.7352939457683906,-0.3372815776930102,-0.5234846566959277,-0.049773932780935295
472,-1.5997600252603643,0.16664028778952175,-0.33879971219768595,-0.34772963922817485,-0.6837265103245682
473,0.4214431529367748,-1.4317563397979207,-1.5250101953412756,-0.8064360807907521,0.224773015621565
474,1.512183392119915,-0.12837845704103937,-0.5414971354726127,-1.0092144693258476,1.0615908613934664
475,0.31334810290801274,-0.037019567960145446,-1.3685573539838858,-0.0538403100121409,-1.2590332497441823
476,1.0590466586513778,-1.140850743246391,1.0561805691899686,-0.7917893407347932,0.28496183516052015
477,1.2818805270714215,1.5585700386737558,1.5411469111986882,-0.7266730466250132,0.023225086559332097
478,-0.9668527389906467,1.2272606036527154,-1.5030780184784618,0.543783340675119,-1.234908953845855
479,-1.0218090234577057,0.6009577495549896,1.5669759554888973,1.616381531125315,0.4356866066446022
480,0.3454589156789115,-0.11455150200320431,0.06276347300468312,0.3610424192403578,-0.7839062398650867
481,-0.339835383580192,-0.28944271356150686,-0.7127876697255734,-1.450779487662777,-0.03829946455123369
482,1.129897017070732,0.538488175840355,-1.4872700694028351,-1.4555815389106495,-1.450056614361131
483,1.3360887311846774,0.17319447295737256,-0.013578777382077334,1.5575051129299553,-0.13663833500989853
484,-0.5372713094088706,-1.4990831652534815,1.0084685459188687,-0.6928586286243014,-0.6696495382310192
485,-0.936724205159694,0.059221999577197315,0.704421943299609,-1.398875004469555,1.1262548435682298
486,0.9265363532774062,1.0764528862170384,-1.5799006437230687,0.3452427887495242,-1.5381033675303037
487,-0.8067085096342761,-0.12512763434548765,-1.5010423482100421,0.4298867798537545,-0.27927809465045766
488,1.0707866837123763,-1.5347900610580316,-0.3535212698357329,0.5153971943782453,-0.14065063896807217
489,-0.296275330156465,1.0067961009759574,-0.7276552095889424,-0.7956827421476098,0.7872929959774019
490,0.5393367023927292,-1.017671577297687,-0.9464200687044771,-1.6636221157928033,0.26264343635852994
491,-1.4211203920226856,-0.8194971961717649,-0.777336721985579,1.6042651831715904,0.5861135818581917
492,0.38959664481279815,-1.1445478815754542,1.0396532127417477,-0.8524773805769429,0.9684548749040498
493,-0.2002104977830272,-0.5716999111700964,1.4769498191973032,0.6100772785039403,1.2648739910321585
494,0.2619273203591295,0.9046002321959459,-0.3457681834307832,0.7153605326098667,-0.6438483422831451
495,-1.1727145552236957,0.08304572017976398,1.396557094053137,0.3829574071135496,0.13640579612900522
496,0.7769292891507836,-1.0054970630740052,-0.6365229983798616,-0.6391339735600834,1.1879618869872801
497,1.2085044570271204,1.323669499862372,-0.09769337529640344,-0.7829737681768306,1.7078235238225987
498,-1.0057180561434271,1.3297326356058867,-0.9685215860731253,0.34050798967550944,1.3599618818006416
499,-1.4205060796557027,1.2985705505215621,0.47277499644994975,1.2639588836023208,-0.44337199481584094
