song_id,title,artist,genre,duration_ms,tempo,energy,danceability,valence,acousticness
0,Song_0,Artist_102,country,203524,106.1191976591618,0.023638586046336396,0.23879621138153928,0.9789811151748089,0.9467337289233956
1,Song_1,Artist_179,classical,132219,141.55767392316838,0.641971500443266,0.4512393441809881,0.6034930960433786,0.10590580440375763
2,Song_2,Artist_92,electronic,120235,86.1904665438077,0.6070940360887808,0.9849896561408751,0.35781408411354887,0.15482861259771985
3,Song_3,Artist_14,country,162929,173.99534207402704,0.54669741271407,0.7720124763099904,0.6478174459905284,0.9447362587830797
4,Song_4,Artist_106,hip-hop,247309,154.36140172986626,0.23194709611597542,0.027167421225559818,0.12292067846538757,0.7365352283347926
5,Song_5,Artist_71,metal,187444,70.72932027747115,0.39090599590551467,0.06520459126049205,0.8886590802653986,0.8829938248297731
6,Song_6,Artist_188,hip-hop,259639,110.1096930941914,0.594476335186173,0.46393137681233276,0.5030839507798364,0.20263263413534316
7,Song_7,Artist_20,classical,221834,165.49419690745975,0.4967668588591694,0.9092202058615602,0.44934974203964206,0.5875858711094019
8,Song_8,Artist_102,electronic,204555,173.36784267496924,0.9877855202148873,0.5387017979527142,0.5858647884535192,0.7011395944174736
9,Song_9,Artist_121,indie,193698,116.08818134998437,0.13643975255673313,0.4978125080342902,0.6247838627894025,0.6801118854469727
10,Song_10,Artist_74,classical,244450,133.6093667052849,0.6951445540475938,0.10547369995663058,0.07177580622651303,0.4081516908666981
11,Song_11,Artist_87,pop,256487,80.04407353104902,0.4043187681042921,0.656780104724294,0.6826172212234024,0.015394891691308477
12,Song_12,Artist_116,jazz,287231,178.9402351364372,0.42819961492561476,0.8221031606002255,0.24193168031552958,0.5829260568042631
13,Song_13,Artist_99,classical,163925,87.8006041660132,0.7175977656581762,0.38042000750756233,0.7139526325065898,0.25310153917960876
14,Song_14,Artist_103,metal,257023,173.1278128962151,0.6924361513243696,0.7756118509253275,0.8225347943841967,0.45025424614289034
15,Song_15,Artist_151,metal,207388,137.9575978790842,0.9912559937021883,0.9644766539008116,0.8039585075525203,0.9575810150838173
16,Song_16,Artist_130,classical,128007,132.9284153854631,0.12839428945412523,0.2037664591276891,0.5525009674078891,0.3990353176424347
17,Song_17,Artist_149,country,292904,121.52262132198103,0.10410964938416634,0.5233296311947413,0.5201698923107512,0.8398016066644267
18,Song_18,Artist_52,jazz,178596,87.68037740613104,0.7243388171287412,0.28713795808457554,0.14287596133941172,0.18854060574925113
19,Song_19,Artist_1,pop,241101,81.18336384066099,0.5783869170064091,0.7928544190338394,0.7753461504031356,0.6724604980250288
20,Song_20,Artist_87,classical,281595,86.45834508842104,0.27416066655980587,0.5775933658811575,0.27140938044671437,0.9770069544389435
21,Song_21,Artist_157,country,208861,82.37259145731055,0.0794193689889866,0.6345824175503038,0.49669542281794654,0.10189310087293679
22,Song_22,Artist_37,metal,206740,153.5501368280104,0.08565824959643054,0.7979141596158941,0.2842740929275167,0.008319942227192012
23,Song_23,Artist_129,metal,135524,102.0150311000076,0.8941908746641183,0.3959704726624549,0.13382836299969314,0.43358279263261434
24,Song_24,Artist_191,electronic,270354,66.94112118760756,0.1918673247187429,0.9150900684070432,0.6295576968917366,0.0926254830513672
25,Song_25,Artist_187,classical,275002,176.29231561689735,0.32337156211552076,0.53302886724614,0.05433203482290383,0.7483843496762314
26,Song_26,Artist_20,jazz,251149,166.05430619561108,0.22665640222698802,0.157954822835348,0.7486452341262,0.9145486638485589
27,Song_27,Artist_160,rock,245501,171.33027398342557,0.3549963058319373,0.6958991181688025,0.31758679526111666,0.43402097270875883
28,Song_28,Artist_57,jazz,140611,179.38893871757224,0.06942384274609337,0.7932613504382544,0.00013469300448532007,0.25871164215544096
29,Song_29,Artist_21,metal,268056,80.86742990633847,0.5190597909082704,0.31676167706752667,0.5111291392372298,0.4344033190066098
30,Song_30,Artist_88,metal,134060,107.54904226831906,0.0676125635922149,0.857179256998753,0.046851908527603126,0.723447817850001
31,Song_31,Artist_48,hip-hop,163303,150.98861708449095,0.8003565078223616,0.9061432547657664,0.27616955782089947,0.009054161580370979
32,Song_32,Artist_58,metal,280359,143.52247416645505,0.23371208191043302,0.2769044873778089,0.7069764874557162,0.5894539894846972
33,Song_33,Artist_169,pop,159711,78.46750876078261,0.5400119146045106,0.9835214727152221,0.06268962162186587,0.6132916848873791
34,Song_34,Artist_187,r&b,263026,157.89997499887414,0.8800790875614583,0.14071152804875842,0.8393384923560023,0.6376882468959355
35,Song_35,Artist_14,classical,193340,86.93286862039928,0.6508773690471942,0.20201566840248997,0.003819922658583108,0.2420220799808772
36,Song_36,Artist_189,jazz,222974,86.85811377871477,0.5329577865513353,0.18422483923802613,0.24682386920190225,0.7140527233781268
37,Song_37,Artist_189,r&b,269646,124.43693074720963,0.3243337531153756,0.8939897100078704,0.7409040561520714,0.0913914863317764
38,Song_38,Artist_174,country,260256,131.15279218100437,0.33300191305819793,0.6542925523249619,0.3162701497293068,0.1992703364668008
39,Song_39,Artist_189,rock,270168,129.61034494053735,0.6694869551981901,0.15210428322227287,0.10189238806601353,0.8774700466544819
40,Song_40,Artist_50,pop,187728,70.97842048773059,0.9941393612211675,0.440323418368349,0.3602339188004279,0.7387231507265664
41,Song_41,Artist_107,jazz,285088,165.29530351564566,0.6618391898493786,0.615298025069802,0.27039328638452553,0.013745554011345251
42,Song_42,Artist_54,r&b,131246,91.87200511064472,0.5577834173700249,0.08346408498938329,0.8427119021605549,0.2483762603698002
43,Song_43,Artist_63,rock,296630,75.5417905539365,0.7306505102392461,0.8824163684073387,0.31334791758514313,0.21440648299316456
44,Song_44,Artist_130,hip-hop,269453,166.64976958427727,0.46520561228371815,0.8036035354415352,0.7889324717760072,0.2708063280369726
45,Song_45,Artist_50,pop,247796,174.6781797875704,0.060142342600785215,0.5052067735766382,0.8918721448107347,0.2475597702798864
46,Song_46,Artist_134,pop,287527,163.45531407185408,0.5622968158779098,0.9671266152591704,0.43381741957652953,0.06252629574284574
47,Song_47,Artist_20,hip-hop,212263,157.14192896698538,0.9576252845053802,0.4177609792750997,0.909943143854392,0.45894051659682034
48,Song_48,Artist_72,classical,255090,138.6290376766826,0.17530294235765964,0.9841103190364978,0.37731805396319285,0.7327334747861651
49,Song_49,Artist_166,hip-hop,131302,126.10288447309672,0.6900048908206657,0.6679199988036271,0.9640784164901082,0.6067317247174364
50,Song_50,Artist_17,pop,187506,70.43841118936922,0.20093368865905648,0.6346712732539415,0.08928952452557293,0.6728716685980798
51,Song_51,Artist_131,pop,161157,109.01438556848385,0.5358276844730813,0.165954895295785,0.6870192665032427,0.08114917853623915
52,Song_52,Artist_88,r&b,174917,104.72262204147768,0.09667644964671962,0.881927758304644,0.49381404045692867,0.9514907101767872
53,Song_53,Artist_59,metal,216646,91.17045405123915,0.45037093625818514,0.42748968792061515,0.38764880545564706,0.8384918338430248
54,Song_54,Artist_13,rock,203122,146.81041364263018,0.7561633288952461,0.16223340578247936,0.6327118787486009,0.8050903184956627
55,Song_55,Artist_8,hip-hop,144519,119.5050882094525,0.3475715242389821,0.01260751997575904,0.7038570916343312,0.8229838050417675
56,Song_56,Artist_89,rock,200910,69.72554590891775,0.664911724487218,0.5597556836383826,0.004363269650309087,0.9327105081327614
57,Song_57,Artist_52,hip-hop,240430,86.42198423397735,0.7954499607897292,0.5273996221226763,0.16695308874719872,0.5442539661136977
58,Song_58,Artist_129,country,191324,141.99105163915152,0.9271778194794527,0.7193536223691586,0.7130460506343187,0.2002820178676259
59,Song_59,Artist_83,pop,125408,69.13570313883602,0.23464208185545354,0.8902580530178021,0.6663854135782065,0.6167836078525412
60,Song_60,Artist_91,metal,179379,162.14482968585224,0.39931591580930814,0.07940658464302952,0.9660475051286772,0.742881493667939
61,Song_61,Artist_110,r&b,145053,119.41758324167692,0.15241601333041743,0.7314964903403623,0.761037790250783,0.7379173933540254
62,Song_62,Artist_187,metal,260518,117.67038927919776,0.9924835021583752,0.18741194409758222,0.950772707731338,0.5214490241668801
63,Song_63,Artist_198,metal,251994,131.0889341591421,0.9270009679242953,0.858177053157164,0.702540501534807,0.06845871933357806
64,Song_64,Artist_171,metal,218723,158.9617159110179,0.5399571302805596,0.8190635138616561,0.29805220863944315,0.3711129384301278
65,Song_65,Artist_7,rock,171356,101.73710494826317,0.8420332943764213,0.5407937549855444,0.10536492225085647,0.9207666084633573
66,Song_66,Artist_174,hip-hop,130789,141.36193830708763,0.5209579772720422,0.7102427986233115,0.7818238633449356,0.584448909757426
67,Song_67,Artist_34,indie,217720,127.88783567949493,0.6235856880027597,0.3143501131837484,0.6441492214759159,0.5383319432557134
68,Song_68,Artist_80,country,186656,92.04339242033056,0.08912443211601662,0.47116789893281463,0.04818601239329623,0.2688535143821935
69,Song_69,Artist_163,jazz,164028,165.43559836261895,0.7552704204968079,0.8216368977104717,0.36005046590097833,0.3684489199165789
70,Song_70,Artist_49,metal,184484,155.69112259283136,0.12771348363523483,0.4592651971732139,0.9567998154842862,0.8953460891531693
71,Song_71,Artist_103,classical,152154,139.01422015901105,0.8260676302525284,0.3577982653254418,0.5004011457102012,0.6664630475268357
72,Song_72,Artist_131,rock,122336,162.06980749130904,0.7820280876703859,0.4942124472502999,0.43272913601970464,0.7873870267523329
73,Song_73,Artist_1,r&b,223677,164.0753041151763,0.7087446977429764,0.8282492524372184,0.457699605159294,0.45434542306765513
74,Song_74,Artist_133,jazz,187779,145.00355720580419,0.036160380524762115,0.33520804737087273,0.20888272400516372,0.6302472194561579
75,Song_75,Artist_53,indie,139029,160.44159940364065,0.3031283559453286,0.1737615931357438,0.3687071708647952,0.24838360874320753
76,Song_76,Artist_105,classical,179201,143.69657540031403,0.26311256991084286,0.7120140203307808,0.3698132559871766,0.7054608302834863
77,Song_77,Artist_3,indie,152265,141.61689261123604,0.3601364074715191,0.8259782127080818,0.0523550201874724,0.4276013337033373
78,Song_78,Artist_53,jazz,222916,134.2333653858221,0.08764274676383854,0.10063747852353333,0.7675676285179183,0.4425455148147456
79,Song_79,Artist_190,metal,294944,150.32599674691696,0.9369578230310628,0.23987411275594472,0.416504431903879,0.6493223245768817
80,Song_80,Artist_145,classical,166197,79.03261263516885,0.5538022407123763,0.1419719897609939,0.8221798868164233,0.9362806214689267
81,Song_81,Artist_43,indie,245733,165.70449110387142,0.30552431065802355,0.3479414115821666,0.8503480011198954,0.06400634660862092
82,Song_82,Artist_161,r&b,274782,164.62122332942783,0.3969815170742834,0.45035097890541265,0.21199405469865806,0.8247432373470076
83,Song_83,Artist_189,hip-hop,280558,63.5096739641471,0.44720254050483565,0.7488263369633065,0.6573534821701286,0.2923831104121931
84,Song_84,Artist_13,pop,191907,159.09801006777153,0.6005943333606173,0.6511475848816741,0.4722818041629817,0.4439194545063778
85,Song_85,Artist_94,hip-hop,248876,75.46438409681342,0.5156794276964978,0.6209285674784312,0.8801567379214851,0.021913328775008956
86,Song_86,Artist_47,jazz,184435,100.21426251109703,0.9193919732144173,0.3523749466096544,0.21574067917645412,0.30104607783431303
87,Song_87,Artist_14,rock,160631,149.22099075499293,0.49696348290583026,0.8414475530847599,0.6778132003100442,0.5026312426301305
88,Song_88,Artist_199,pop,249038,79.29118752579699,0.9921580148233127,0.47128716739816456,0.6077521222527226,0.05617607734743901
89,Song_89,Artist_189,country,140103,158.15604289428745,0.8514249577450957,0.9791049380151545,0.2953014775718328,0.49109572938316515
90,Song_90,Artist_39,r&b,184772,159.85610135492902,0.2085105143573358,0.6341421382957368,0.1366009036511726,0.9271106288584273
91,Song_91,Artist_81,country,246108,120.89612805130034,0.9305952146439163,0.12626474156450274,0.6516397604772766,0.10539321810780522
92,Song_92,Artist_110,classical,134382,60.76630460602003,0.11636639788547609,0.676177562075434,0.7385974581323307,0.7644407280755043
93,Song_93,Artist_52,pop,204291,94.44457598098953,0.8174497084911916,0.325104015431699,0.31562734376335,0.40967105337599263
94,Song_94,Artist_23,country,221195,134.03123020508906,0.3806232934765801,0.6863271966860974,0.6448326040223138,0.655173714524338
95,Song_95,Artist_153,country,254828,177.74234136329082,0.8779743204450695,0.06964114816240574,0.39513090761150327,0.26023659798522936
96,Song_96,Artist_187,indie,140609,135.8176232420002,0.8680566901074503,0.1748814371759594,0.7132068832826177,0.1594922625413583
97,Song_97,Artist_123,hip-hop,267550,91.17642972769917,0.8059254001176211,0.8557372589057863,0.1992152748940531,0.16046261427122643
98,Song_98,Artist_40,indie,290738,136.08068437195337,0.7900304363070614,0.2271795570235149,0.8902150026361744,0.07049194564314465
99,Song_99,Artist_156,pop,195683,124.79824556590266,0.3046791390980408,0.83704112524294,0.28740959646557973,0.18564670490124302
100,Song_100,Artist_14,pop,244714,153.58144741813723,0.08091928305125218,0.27927608845441043,0.3677859877561529,0.6642193849889683
101,Song_101,Artist_44,jazz,250330,72.83767665923502,0.40298017876516146,0.6428819100587077,0.058091952080349785,0.881690611843508
102,Song_102,Artist_64,indie,191315,151.32334830024337,0.17352451498650867,0.694150573509831,0.1115122123212764,0.8141256855911618
103,Song_103,Artist_88,electronic,197834,124.95198944113324,0.6949510889024617,0.5126547531450529,0.5158619027123281,0.6851343098744841
104,Song_104,Artist_70,hip-hop,246205,175.55904046307936,0.34609972653778553,0.3053106766967313,0.2675926767279715,0.11043186341110267
105,Song_105,Artist_8,pop,134153,101.02465992464234,0.9756102008599149,0.21264437637109612,0.8354802257421944,0.28918744629594983
106,Song_106,Artist_87,jazz,196325,135.91462717607376,0.640972077345332,0.03318935456242622,0.014693388654953843,0.309806875322469
107,Song_107,Artist_128,indie,264071,171.8433726612021,0.822480563634361,0.3039464012407238,0.3790940486719362,0.24995694639762123
108,Song_108,Artist_135,hip-hop,175318,72.30116735888151,0.13252467274184843,0.653162790531283,0.3373455467690927,0.5150056597097231
109,Song_109,Artist_62,indie,251886,172.46741846837415,0.8620144822726226,0.9383048184484827,0.019327630917601035,0.5355538148796726
110,Song_110,Artist_138,country,235033,142.5462866760976,0.9227571905133943,0.871204482263052,0.12436839900051022,0.3568859751711102
111,Song_111,Artist_80,jazz,196077,68.14044709262063,0.4870619188189359,0.7660647765353026,0.41364267491863527,0.353789158736436
112,Song_112,Artist_135,hip-hop,210474,96.11562803361795,0.6062529377509774,0.7884473432532987,0.49286458444744663,0.8285555979060814
113,Song_113,Artist_162,metal,253515,144.9806506374338,0.7648098009029954,0.6649849034759953,0.4042897472548691,0.7892928483196856
114,Song_114,Artist_162,classical,193319,68.08207217625261,0.17483862726041255,0.260286857566003,0.5309376784120938,0.30779583168074565
115,Song_115,Artist_32,classical,245885,129.8604552211528,0.5025660764634424,0.9071950307058299,0.5951316749056815,0.9137884438732593
116,Song_116,Artist_122,hip-hop,229777,101.50596683435481,0.3986630277723131,0.670732311905834,0.00992382112783563,0.952815017002506
117,Song_117,Artist_4,indie,137368,134.50986213209725,0.1463739921622491,0.56044063098044,0.4640951594535039,0.32674254203004083
118,Song_118,Artist_40,jazz,266400,65.48904405750154,0.36753442229153144,0.11098946921348107,0.9634992408875883,0.35442494879305486
119,Song_119,Artist_27,classical,211751,164.58441673828514,0.06817230938549357,0.4470555438064254,0.5190322801295487,0.5056341534219588
120,Song_120,Artist_134,jazz,147306,176.81867630128764,0.025811906949486985,0.4603582712019263,0.6775422674589532,0.9411208125336735
121,Song_121,Artist_71,classical,290987,176.26534263428297,0.13516628915482276,0.86456360952267,0.3118638579168832,0.8763194331423115
122,Song_122,Artist_11,country,157219,149.95821980915096,0.9631151115891738,0.5466482201877885,0.7739913781527625,0.1025679625835898
123,Song_123,Artist_161,indie,180279,75.61034881567583,0.549529535895017,0.38040054897040965,0.7729214818761151,0.3927307432714162
124,Song_124,Artist_32,country,173028,150.9915835114827,0.96582216115322,0.9768003285106593,0.521296047654139,0.5533711897497718
125,Song_125,Artist_47,classical,224263,62.95042997505618,0.432497878330132,0.11072059332631567,0.9760138232792136,0.50313247255154
126,Song_126,Artist_150,metal,120126,62.65482618347967,0.3118161330852596,0.4225484283119446,0.12555021476265338,0.19386306793689267
127,Song_127,Artist_61,metal,172329,98.83322629794495,0.5061418628402441,0.04202467517140529,0.016947664889580993,0.8588167711681547
128,Song_128,Artist_36,country,147632,118.63718284855989,0.4395116886329101,0.7399041207669304,0.770158211757096,0.6769407829968374
129,Song_129,Artist_98,metal,229945,152.44889013693518,0.10566468426174391,0.9180765521991506,0.8071555373648825,0.8379083748518036
130,Song_130,Artist_171,classical,175176,141.99544519278064,0.6408263146902062,0.28003732955048943,0.12020722912057624,0.8587642793494722
131,Song_131,Artist_103,hip-hop,295399,113.5083247652098,0.2160381825095996,0.8583416767991209,0.2655828329586061,0.7483558536657398
132,Song_132,Artist_34,country,254869,92.8351999537999,0.6195879548978296,0.29221823046189777,0.01755236336662891,0.43921060124971734
133,Song_133,Artist_192,rock,298954,179.65494001892534,0.6502010923981534,0.9107701616439152,0.2933086107805647,0.6105467550154245
134,Song_134,Artist_100,indie,264790,111.14175626831675,0.1520248531286481,0.7539619035967839,0.7731418739186715,0.16036540611974315
135,Song_135,Artist_174,metal,154560,114.16644291956106,0.06134962711066816,0.8049067768414386,0.5179605277125789,0.6736454174749077
136,Song_136,Artist_130,metal,196589,79.6348585430003,0.7807615860684398,0.0180065556004545,0.3480955931682881,0.17925325573928075
137,Song_137,Artist_0,pop,142116,155.37714584999154,0.4598004237693202,0.962810357074026,0.3717392949063303,0.6939495905101568
138,Song_138,Artist_4,electronic,287316,143.24186709377864,0.05816379550547579,0.7266709920703233,0.0013536257154681541,0.22959816075396866
139,Song_139,Artist_141,country,252717,86.49235353465124,0.9948663171697671,0.3047510953861333,0.2998005275652359,0.11755130015021997
140,Song_140,Artist_102,r&b,298595,69.88572547390112,0.05778056099636664,0.8293946648588469,0.6464587416379305,0.16528449014295743
141,Song_141,Artist_26,metal,244085,141.65991624896557,0.6950352288585532,0.28152119841492995,0.9741944438163571,0.001992135219070268
142,Song_142,Artist_136,indie,237718,138.54134571373623,0.9836789252634136,0.872753839566128,0.8470608269838995,0.7187396178535302
143,Song_143,Artist_14,rock,139256,92.79114323978511,0.23918010421592562,0.11258039041193701,0.023594964645529126,0.7324010490583791
144,Song_144,Artist_89,metal,220158,174.10362747004925,0.14224936868719618,0.7036859774607958,0.8985606046748393,0.5149333499132595
145,Song_145,Artist_41,rock,288502,78.12694701370803,0.1213849394224289,0.5406984766449103,0.7831984132986259,0.1613628010553837
146,Song_146,Artist_123,classical,290354,111.88017612511223,0.30327514756759555,0.09653447019544081,0.7803761235709804,0.08355433751068975
147,Song_147,Artist_178,classical,239719,173.23391042011187,0.10104581101064669,0.24189382825883898,0.4579957590035715,0.01912896643728701
148,Song_148,Artist_62,electronic,188244,110.36727803113467,0.6921613416941319,0.01240403627731479,0.3980052929545028,0.1657481769652207
149,Song_149,Artist_95,hip-hop,262766,136.62311371969025,0.06229179813006269,0.46876796546450583,0.3029157288331926,0.8908555349831467
150,Song_150,Artist_51,r&b,176264,107.71132775553531,0.5094221281497897,0.3012652607600004,0.06569485895436578,0.24153684170168177
151,Song_151,Artist_95,pop,177545,92.90582428184041,0.9966968538529768,0.5983574842977588,0.2282353634936991,0.35427132721721566
152,Song_152,Artist_131,electronic,159224,178.0773177551794,0.8139702695060188,0.2972378077086172,0.24660363497802462,0.10534548448133318
153,Song_153,Artist_150,jazz,217945,109.12008075780517,0.6152194382310109,0.2999191115069847,0.4840770697102016,0.22236130474817029
154,Song_154,Artist_142,pop,133224,167.29190444149614,0.30625362078661167,0.7431931987316034,0.747444406596694,0.5192245707802051
155,Song_155,Artist_170,country,160738,87.59455270693034,0.6238958362916385,0.04814283597835345,0.4738098283979466,0.6077526830956526
156,Song_156,Artist_28,indie,276222,85.57256448301,0.5270414639116516,0.9028949951919872,0.057844449447160606,0.24535231416621106
157,Song_157,Artist_35,jazz,183731,63.73608994614136,0.4260833838903715,0.8522638743911815,0.9577898009882039,0.05773215922511721
158,Song_158,Artist_12,jazz,259649,138.20001904510622,0.13071037674019947,0.6678046832264065,0.9427243190941123,0.39103286912739865
159,Song_159,Artist_159,electronic,128070,104.22316124685133,0.8866042152404667,0.5932215701073843,0.7851895431484084,0.23420337092633414
160,Song_160,Artist_70,hip-hop,246161,163.72298998075644,0.4497846488213225,0.8923024981396522,0.9913279015642206,0.21955392322980194
161,Song_161,Artist_186,electronic,128666,116.78518880298685,0.19462251182076507,0.18533017952871444,0.5444823328002629,0.9598628027134553
162,Song_162,Artist_85,country,177761,176.18321134976662,0.3677593508772896,0.07896916219082861,0.9627683502532061,0.6163004859257241
163,Song_163,Artist_27,metal,156368,82.26306188437454,0.41412975252892703,0.2395101699095381,0.07560504061675077,0.5568784431720959
164,Song_164,Artist_65,metal,257855,164.2347801546733,0.8275378955668743,0.7945782787001903,0.3656807482613713,0.4157751035233219
165,Song_165,Artist_169,hip-hop,161914,153.19162233500901,0.733614380561402,0.03467026672648332,0.22538126800676583,0.42894433343014426
166,Song_166,Artist_44,country,247738,152.51062135728625,0.7693048936413398,0.5828068350834896,0.19583308413427003,0.5409050038380808
167,Song_167,Artist_61,hip-hop,187526,161.3739873740265,0.011031264428647214,0.9954375161913099,0.14080294889267608,0.6964298070361072
168,Song_168,Artist_184,rock,296837,151.32287891315985,0.4161539981797615,0.8556960938375394,0.6224136415659967,0.7021460961818294
169,Song_169,Artist_133,metal,139956,135.14643859576984,0.4813441516353236,0.5214456890435895,0.7813218557473051,0.17169390770544957
170,Song_170,Artist_27,jazz,166240,75.7493853218865,0.019192276823056686,0.06364090928664234,0.5782983994203607,0.500112752076627
171,Song_171,Artist_27,r&b,241008,63.90314153895023,0.2598132087450342,0.8313735143857098,0.14696270958820967,0.41195809503410197
172,Song_172,Artist_107,indie,288220,170.5017417378824,0.760289823122135,0.5989785081772105,0.8111237699334709,0.8705269662693842
173,Song_173,Artist_43,country,214270,133.99803774248858,0.13710970572899905,0.11493299705956683,0.6359547071637285,0.6314189212183764
174,Song_174,Artist_83,pop,124757,155.58447491714116,0.5353101314525917,0.0938572848233562,0.3881657061269955,0.5325040664159818
175,Song_175,Artist_29,hip-hop,139097,117.782682181506,0.2152018720172375,0.9096268194365924,0.674130295536063,0.11539464217891737
176,Song_176,Artist_189,indie,261467,74.07698267548734,0.012120774643893273,0.6692002629380784,0.25990497924283285,0.6056378893234114
177,Song_177,Artist_74,pop,267313,75.02229506430605,0.24120145759954148,0.8292867993167555,0.3451922084942105,0.11720390568023342
178,Song_178,Artist_127,indie,223892,142.26783446747658,0.9758737549100538,0.8789789002822673,0.9174858431319902,0.33720657556575206
179,Song_179,Artist_91,r&b,278768,111.63670738793553,0.8015371118829896,0.5717723520483222,0.2905045056714204,0.14284196481433187
180,Song_180,Artist_189,pop,190480,84.0629672040404,0.9595766443210334,0.5174463517550413,0.4699882681579366,0.6920736470243689
181,Song_181,Artist_128,electronic,166163,118.99134560897242,0.48785404392636245,0.4304274103209902,0.8901411373960146,0.2062521138361526
182,Song_182,Artist_120,classical,139816,67.70507244901609,0.1097361986775035,0.3169465877911193,0.7077213502675275,0.391859373188026
183,Song_183,Artist_26,electronic,172853,129.83656822972785,0.547959488973693,0.43459596085871177,0.06220322616470275,0.8956747776187787
184,Song_184,Artist_189,metal,275989,92.27920853221173,0.4543773345599609,0.7738796557301564,0.14730304427897034,0.2043163833989703
185,Song_185,Artist_120,classical,216731,155.70709207646257,0.844357082739616,0.6019234310151316,0.007841590771916818,0.5078050639587791
186,Song_186,Artist_115,electronic,272638,97.24343507082885,0.09808258078424459,0.8925232899548461,0.6309217902291634,0.419271661166022
187,Song_187,Artist_2,classical,182823,114.62641788981614,0.4882411370217782,0.4433800143791877,0.4476734254104183,0.018124041045729733
188,Song_188,Artist_102,classical,271878,61.39446478897207,0.15004866469398426,0.607089578718754,0.13427485090227553,0.7927581135728128
189,Song_189,Artist_197,jazz,121759,68.69362653534706,0.32467592689006,0.6313075530919887,0.9579341210567704,0.06904590631459973
190,Song_190,Artist_199,hip-hop,293021,107.09922676880218,0.7373570773877997,0.5916971623063255,0.5296597239456199,0.4742550209769536
191,Song_191,Artist_154,hip-hop,212374,117.59266016605483,0.47601812936876653,0.7026337730855163,0.24189329411288918,0.5606782949389499
192,Song_192,Artist_136,jazz,253554,132.00246577431645,0.37588828514576933,0.23743346837480628,0.5006035711547075,0.6284264566145871
193,Song_193,Artist_61,indie,144442,94.99950944511639,0.3944762785700353,0.5123637775457907,0.6796203327351078,0.6886316293078756
194,Song_194,Artist_164,rock,284791,143.3978263351851,0.45944676840598664,0.10422480280834767,0.07623921797356448,0.2532723835227151
195,Song_195,Artist_50,indie,213501,163.21468766270456,0.7850165438370569,0.38451132764481255,0.274703815047892,0.009978776658449373
196,Song_196,Artist_171,pop,122079,153.58211866720197,0.8920846889402344,0.4876670686212644,0.8069654908839936,0.723443662354912
197,Song_197,Artist_151,pop,253789,64.75425904180285,0.9553346865039283,0.6522242595454725,0.45966487040266124,0.5356565993475786
198,Song_198,Artist_58,classical,179676,117.66083367093947,0.7869033862552951,0.9505310525862035,0.5465771420322949,0.8361177032072488
199,Song_199,Artist_117,electronic,279024,72.59162141018098,0.31540689574801273,0.6006510665483559,0.43281600220946925,0.8213883629006943
200,Song_200,Artist_159,electronic,293532,89.04540190350329,0.6881347060865421,0.7435939161765598,0.04389994264300512,0.8433261677878832
201,Song_201,Artist_95,hip-hop,210397,178.39951119205756,0.4376031240553919,0.5062660594952028,0.16574977982015593,0.48509465997954015
202,Song_202,Artist_179,country,192847,77.0994651481816,0.2546706220460512,0.6341040313763313,0.4455416387418909,0.33362839583686565
203,Song_203,Artist_112,indie,213607,119.86657841416273,0.8408715794259226,0.07093221613377343,0.20918546540792782,0.79155820259137
204,Song_204,Artist_61,metal,269521,134.17868811817428,0.038426348962324997,0.254391580841847,0.04997902865967874,0.45129411302925493
205,Song_205,Artist_185,r&b,284608,144.29579646529248,0.9017619921354235,0.3618530932051387,0.8436496640518237,0.1834421964034345
206,Song_206,Artist_51,electronic,184077,127.15784201842969,0.46147746462473416,0.47249335500651357,0.9811925291641158,0.8549740195614743
207,Song_207,Artist_11,r&b,158258,61.17250169030204,0.6372014768082804,0.045648745502383736,0.7931428739967394,0.8825598767723473
208,Song_208,Artist_38,classical,299374,99.17535698927902,0.6593539222057827,0.14002409755331768,0.853784921704667,0.4663097561401701
209,Song_209,Artist_129,r&b,279937,122.12539720616537,0.8951177407065364,0.2768143077913058,0.24197713031704537,0.07569972730978747
210,Song_210,Artist_130,metal,257717,70.54397989738,0.6366696821672073,0.9715326909010507,0.9606269755131998,0.38782608991693124
211,Song_211,Artist_112,jazz,239771,102.07523174510169,0.6139335847600618,0.33134700710305076,0.19692570445342839,0.8035376594626034
212,Song_212,Artist_100,metal,158000,63.98437305496399,0.06665204056068996,0.48204105811208253,0.9514298103618323,0.9017740285462287
213,Song_213,Artist_112,r&b,146737,69.42941965860248,0.5184080219452041,0.19609771273839294,0.994819293965951,0.20347274249759584
214,Song_214,Artist_183,metal,131485,107.63079314419153,0.15016900081704165,0.6107800710757683,0.7117228057460487,0.06697361202527152
215,Song_215,Artist_80,rock,158565,75.92589048516724,0.7374337687214856,0.2806832155159743,0.9811437317918219,0.8773504531328387
216,Song_216,Artist_186,classical,276594,128.10490179138696,0.5122219208126745,0.20699257843842678,0.5695397795671037,0.3894049389788753
217,Song_217,Artist_112,indie,239614,142.73579629647188,0.6802277792083533,0.5165726284459791,0.25954178317609033,0.5417609642675633
218,Song_218,Artist_1,jazz,185155,156.07040389308995,0.041672900602384266,0.005505799160420821,0.43699588566562086,0.9680658120507589
219,Song_219,Artist_129,electronic,172487,84.01802930937721,0.08479201604580322,0.0076640326492253275,0.593560935378786,0.06656472791422285
220,Song_220,Artist_53,pop,249948,80.09790987108838,0.7163233880626823,0.21906880910185778,0.07308156202701499,0.6483180074520956
221,Song_221,Artist_86,indie,132342,72.54814084012803,0.07208433599867337,0.03672136250082114,0.6223432646172461,0.07410542257486707
222,Song_222,Artist_128,pop,160806,136.3716299452364,0.0712567277652586,0.10802575413069138,0.9811778367622945,0.3754689284665004
223,Song_223,Artist_146,classical,168770,144.77708717842813,0.01210847523488745,0.3388606493387516,0.19010764978372763,0.8038145451934468
224,Song_224,Artist_125,jazz,198623,63.790337379077044,0.9565013982994801,0.8025856795798129,0.7925951162883833,0.4334722327556344
225,Song_225,Artist_129,hip-hop,223177,172.34546954924278,0.737508359459007,0.5720486433693008,0.9078987937796194,0.9971823539029504
226,Song_226,Artist_52,electronic,251026,66.23655403817669,0.35325140850206416,0.5126677259564164,0.9437015928202208,0.5590592849466022
227,Song_227,Artist_171,rock,195629,124.95556023612846,0.2965355812876552,0.29348882320812164,0.9601356044054472,0.3211621526359535
228,Song_228,Artist_159,hip-hop,240993,145.08726233410997,0.34970322974584955,0.9317537194328164,0.5214596387214719,0.22011132590475313
229,Song_229,Artist_197,classical,246944,164.51629484953028,0.7746535311811819,0.39701504123719167,0.9773079079915037,0.3505205342861618
230,Song_230,Artist_159,indie,225947,145.69043185589135,0.6613706110704144,0.08709276679577149,0.7573102071344389,0.3725332737595508
231,Song_231,Artist_67,rock,146399,156.20736996837502,0.18519556786746794,0.6170665161178013,0.1616714362369619,0.06871367772396098
232,Song_232,Artist_182,metal,248177,100.73402310513673,0.17410933533408435,0.11383839347660141,0.47690010646797,0.36957419942677316
233,Song_233,Artist_183,r&b,229575,157.77901364958146,0.09839564971339732,0.3452231428016921,0.718331175372004,0.4642385197392249
234,Song_234,Artist_122,rock,230904,69.61378156616102,0.6603027197013381,0.5074119387178089,0.24734031581908333,0.7227377522388047
235,Song_235,Artist_144,classical,150678,167.3779987272633,0.7643726622217359,0.8742225246851758,0.6406151835488874,0.656729484721608
236,Song_236,Artist_37,country,196218,125.71108513844835,0.265046428325004,0.49354658034011867,0.6666004790466192,0.7087656552291542
237,Song_237,Artist_23,r&b,183230,158.07573239549924,0.020944961030912812,0.7022587660316643,0.1626997438085659,0.008363681876857099
238,Song_238,Artist_68,pop,194055,114.27819414219601,0.08217166747642735,0.9928168389990704,0.5650853124527563,0.21766739958053605
239,Song_239,Artist_115,electronic,282552,137.229323423583,0.9678600348450305,0.13148911989798162,0.7716269109786077,0.6616842883998565
240,Song_240,Artist_97,pop,192258,123.16831931233358,0.29544477747742026,0.2747315255195195,0.4988956645359419,0.48398936817974714
241,Song_241,Artist_197,rock,159986,147.79074261063982,0.7692231478381336,0.3945760755976464,0.012103116776107425,0.005313475668345946
242,Song_242,Artist_138,pop,275232,69.79559784367075,0.6246635688542638,0.42182817853883137,0.009038469079292177,0.8044946424318223
243,Song_243,Artist_143,classical,205595,67.24225007886766,0.3819396396528959,0.41102107526554577,0.3570293439700122,0.7728095732903374
244,Song_244,Artist_96,metal,221358,89.65238808121757,0.2056872621955551,0.9076110025565549,0.926194068431782,0.5484191629935626
245,Song_245,Artist_123,indie,184929,79.1453616135826,0.12138641815940643,0.7140326444668564,0.22867677960360877,0.06646332577627212
246,Song_246,Artist_186,electronic,193506,164.6140279910642,0.6150129680388666,0.6079052140907037,0.6343636888716871,0.7665150495325846
247,Song_247,Artist_69,pop,154911,86.30567848296532,0.774633780637788,0.3093727178627821,0.22207587069332058,0.583713587731364
248,Song_248,Artist_92,pop,207127,177.10383069829575,0.6439042535411307,0.8237903842212947,0.3216699896595486,0.7819599771579592
249,Song_249,Artist_2,rock,282893,100.42749501253282,0.5303021332491583,0.9550605114849889,0.848042089601484,0.7517469923958404
250,Song_250,Artist_147,indie,233453,81.85414988264391,0.041951223431636264,0.8211982825502265,0.7288614422699469,0.8030020719578371
251,Song_251,Artist_186,hip-hop,204458,154.7638208570975,0.9684887775943838,0.0015651051914729042,0.09539927731321063,0.5180080664046248
252,Song_252,Artist_163,pop,132175,139.04493306010514,0.7987141916545746,0.636401370183407,0.4287020209864336,0.140324518193515
253,Song_253,Artist_146,classical,239235,119.78348597437667,0.29282203670096474,0.051135381442100725,0.029169763645264468,0.6711574733796887
254,Song_254,Artist_89,country,174771,126.64362611251575,0.9799703293588506,0.25760722033372185,0.480890146603009,0.6204737850519706
255,Song_255,Artist_194,electronic,247157,146.30421339267167,0.6018815896363221,0.059524700347771686,0.6624340117010681,0.7422531871990872
256,Song_256,Artist_146,pop,241300,87.41456895975585,0.5824226582072465,0.6037954529493877,0.11850262359815156,0.1698810060507353
257,Song_257,Artist_147,classical,206925,179.56006992680904,0.7480731794295321,0.6865899134926068,0.28888493890916567,0.19497519990028922
258,Song_258,Artist_95,classical,186358,176.975179457614,0.8117697880901376,0.11448763806590512,0.3978366255021569,0.8904095172193285
259,Song_259,Artist_198,electronic,268399,138.03908236163244,0.6564786073315027,0.3838388830449795,0.9195310246560497,0.7499777984520708
260,Song_260,Artist_51,hip-hop,167057,83.94509411149741,0.12809574636620003,0.456236508955542,0.993255015422964,0.9082284887003229
261,Song_261,Artist_160,classical,126150,141.62738909175496,0.3382675059944984,0.3690530217609166,0.044911298995615856,0.7587153211639207
262,Song_262,Artist_167,country,124425,68.6638090775011,0.9280836403260497,0.12102500048519305,0.761007923495392,0.5971553059903019
263,Song_263,Artist_127,classical,136032,63.67830026469673,0.22461561184385193,0.4189477901874754,0.37172406640234323,0.6541327370278737
264,Song_264,Artist_38,classical,122198,90.92194662134564,0.3721670238375133,0.7511780478084181,0.39245818622948003,0.88912792394001
265,Song_265,Artist_81,classical,271151,115.51475480871795,0.432076882944196,0.07100766453325547,0.7542649733470227,0.5788067545119405
266,Song_266,Artist_103,metal,287292,164.19270064900567,0.4394049896944522,0.08018001408190345,0.9184264321454086,0.6323913243283874
267,Song_267,Artist_128,metal,292946,147.26028837195696,0.6129395824945255,0.3547712918359842,0.9509285945025484,0.15647671600360058
268,Song_268,Artist_10,hip-hop,264931,149.12478254399772,0.9430758377447076,0.941725711618925,0.5771225860383208,0.4739212201161027
269,Song_269,Artist_184,pop,282491,111.05920013376904,0.24069271183250496,0.668572646722914,0.3571211593005028,0.716397111958099
270,Song_270,Artist_177,classical,238865,101.51219910563555,0.12150137630091806,0.6786699566725648,0.7875490858587793,0.2709426983163654
271,Song_271,Artist_150,indie,259777,104.52465155815233,0.19747048985993731,0.36191999083786497,0.25100138326230026,0.20225418052453492
272,Song_272,Artist_158,pop,293952,178.51794764832695,0.8869249002092695,0.5936607912085384,0.5640740288335178,0.31382680822441555
273,Song_273,Artist_41,hip-hop,143236,64.81310296949789,0.645810812655206,0.010131184027743378,0.35857846152487316,0.24150062799283345
274,Song_274,Artist_98,jazz,207955,164.04377953469384,0.28590678923916013,0.6360960464095422,0.6566310737078761,0.21491263703639585
275,Song_275,Artist_6,pop,223145,129.44104902868722,0.8159469389686173,0.9132869475762367,0.2403989128935069,0.42485084286808694
276,Song_276,Artist_143,pop,266430,112.63385030275086,0.861369996363436,0.6125734683448192,0.19159294573482577,0.9078385138835341
277,Song_277,Artist_89,r&b,214914,147.03091924981638,0.846514338690278,0.873698593466345,0.9182390866754371,0.5070596467387183
278,Song_278,Artist_111,rock,222870,118.40027297096434,0.9189265336395545,0.7239730554660938,0.1018036829495369,0.18792038081532303
279,Song_279,Artist_59,r&b,236243,164.81078856979926,0.2522410201733616,0.12055841640369025,0.5059579077349317,0.07697166938087407
280,Song_280,Artist_112,country,134596,168.08422368135103,0.7550419287462783,0.9024533072858417,0.22085278296300892,0.6961561451379252
281,Song_281,Artist_1,metal,284644,110.60651122481465,0.46053949727414,0.06644384435577488,0.03892996332566745,0.38279876443638783
282,Song_282,Artist_128,metal,252351,93.21933566820618,0.8419985528900615,0.5339674725477638,0.03601881829142639,0.8218309465853593
283,Song_283,Artist_47,rock,231496,131.08203943120347,0.7284906771616132,0.14213712379345766,0.17522177210582734,0.6595107686407702
284,Song_284,Artist_139,electronic,250273,169.4836014740029,0.7764474464997246,0.011706610730904066,0.8667703545060003,0.7962414505413685
285,Song_285,Artist_196,electronic,258155,85.27946268067998,0.6561618376810715,0.422034260127639,0.28247874397702666,0.27194603941844875
286,Song_286,Artist_36,hip-hop,240674,134.75599002761794,0.17742876946970687,0.29504070765415624,0.9504591705752957,0.6923589224610581
287,Song_287,Artist_159,rock,240307,135.78722641110247,0.5450269188969383,0.486000493797603,0.5816222929891935,0.2640619846937188
288,Song_288,Artist_8,pop,268843,147.97356268983373,0.9846697395245082,0.5771998867345508,0.4366141897687661,0.9390684794502916
289,Song_289,Artist_98,electronic,281047,75.78812221527117,0.9373880664971189,0.04373907230894736,0.5800888346694546,0.6363742815333744
290,Song_290,Artist_146,classical,296720,145.8989957618506,0.04317373579701167,0.12300329512374564,0.5166983852262678,0.3245118001753421
291,Song_291,Artist_47,indie,299357,169.0839024798769,0.16481481572943713,0.5586423964504253,0.7587762537573252,0.26951186229227264
292,Song_292,Artist_130,pop,139063,81.56197306442904,0.1317287734545619,0.34316735317265823,0.28249606597285226,0.1909265850716435
293,Song_293,Artist_147,country,187642,88.50519899086532,0.7259799099852955,0.729173487549448,0.3530503916003024,0.6946409588937278
294,Song_294,Artist_151,classical,210093,176.56741128499675,0.8177853298569451,0.6522916485919397,0.8940943025332507,0.2187156129979273
295,Song_295,Artist_53,classical,288671,81.71723432513878,0.2135113663106719,0.8456043629899068,0.9464565131504055,0.5953032659274891
296,Song_296,Artist_119,rock,279601,162.5262112043495,0.505852692951829,0.6924928266692253,0.8925582274864745,0.26463502692535734
297,Song_297,Artist_160,hip-hop,155954,119.07334277376418,0.8407030280112,0.42993107739014813,0.4194479939573136,0.6619689447938686
298,Song_298,Artist_151,country,147856,89.66772892838125,0.7328015447662506,0.6729666223944324,0.7803655030068817,0.8149397285405392
299,Song_299,Artist_115,electronic,122573,164.48998815270136,0.5422372054918483,0.2753811742554185,0.4763357333010988,0.7780252431446532
300,Song_300,Artist_74,rock,155367,113.43663060031986,0.5903476904587729,0.3063134987782127,0.4975398521461022,0.7608513309307817
301,Song_301,Artist_112,electronic,219608,121.77808247156283,0.50836054691628,0.7889851599207933,0.20468010905728395,0.18772240569225207
302,Song_302,Artist_199,rock,180774,103.10800432797188,0.2975484513188206,0.4464195164015822,0.5911303032585165,0.08838494698451871
303,Song_303,Artist_163,rock,143752,131.1541021721913,0.5650219928590161,0.7983803405183525,0.18613589775334793,0.6989488284873856
304,Song_304,Artist_165,rock,175029,79.62286471020273,0.6888853020500907,0.8224223736682784,0.33156469906719377,0.3683472137943513
305,Song_305,Artist_103,hip-hop,268757,106.92978439821128,0.8733229158608077,0.8575623376612838,0.8550302016199351,0.4323462264033473
306,Song_306,Artist_83,rock,250282,176.3294786802345,0.6362913539792481,0.9166352358412073,0.20707580921085522,0.031149092793391064
307,Song_307,Artist_111,jazz,171693,90.9760119241353,0.761121537043158,0.43098522051329624,0.07115828517343281,0.2595764492750492
308,Song_308,Artist_98,indie,236739,138.80839974495507,0.160071634954573,0.31886681832113883,0.0690075926128163,0.03367640387446402
309,Song_309,Artist_152,electronic,175961,99.02280770696339,0.4615574744197899,0.5821987465941139,0.9407845205031079,0.8791857726012476
310,Song_310,Artist_92,pop,246678,152.81677508239207,0.009331619827093296,0.3711724234376276,0.5069204379618346,0.24339668321853047
311,Song_311,Artist_145,r&b,194532,75.70483928620197,0.24667886452162302,0.601074166800233,0.40941207181701833,0.557337169573008
312,Song_312,Artist_127,country,201994,176.37852540942538,0.7264617151130048,0.7055858626438246,0.8108785810079184,0.03897932066113041
313,Song_313,Artist_109,metal,176133,114.45474496603671,0.9918099513493635,0.6884050184921369,0.835825927910516,0.6668473913056581
314,Song_314,Artist_81,hip-hop,181268,88.32605560157567,0.0991780995872159,0.37455288702012135,0.3321910331156046,0.32302734575409386
315,Song_315,Artist_193,pop,289315,68.81960967960151,0.40149431586128825,0.16686020169875282,0.6936180574737952,0.8979191869576658
316,Song_316,Artist_53,classical,151653,80.37094861050488,0.8000709686991595,0.43052933846220753,0.7711228158518866,0.8881181889340358
317,Song_317,Artist_162,jazz,277729,122.37287382672211,0.20403563462889884,0.14259414408190874,0.6546506868659545,0.3252906183617478
318,Song_318,Artist_188,metal,291024,100.44038117175435,0.5550849493022862,0.8900970351838083,0.15159507480009937,0.9009608956904679
319,Song_319,Artist_168,r&b,273252,159.46600390591314,0.7330712960296748,0.3458774607378574,0.875883083517057,0.9961576734987788
320,Song_320,Artist_160,pop,241829,111.70650283941671,0.615985450260179,0.15445974722332378,0.5390945527360087,0.8254156641239481
321,Song_321,Artist_67,metal,248377,89.84571271051558,0.18802473461541613,0.025447759905750877,0.2824724263700037,0.844871347755229
322,Song_322,Artist_32,pop,121622,134.0573983924836,0.3553845686857394,0.6458223862864843,0.4252281854376939,0.2490087361090899
323,Song_323,Artist_141,jazz,168756,144.8132660262535,0.7837917844853972,0.6369023174547432,0.03757109039890738,0.5767023988577563
324,Song_324,Artist_20,r&b,160809,80.04502894811398,0.5542265141320166,0.34060416658129167,0.12786680122241756,0.06725591396736785
325,Song_325,Artist_47,classical,136725,80.11430595459812,0.005229613542912737,0.071711888847651,0.7655467505158609,0.09491793682166971
326,Song_326,Artist_147,rock,171226,64.40057123202516,0.7609907600280938,0.409628894895232,1.1634755366141114e-05,0.9988926120332906
327,Song_327,Artist_127,electronic,201182,148.36824180787687,0.03531135494023907,0.3112174950633936,0.4165658284822922,0.32663924942591094
328,Song_328,Artist_135,classical,149402,139.6565433146166,0.7457337827312321,0.6771206397350094,0.5225101810855884,0.7481839120488464
329,Song_329,Artist_134,rock,124263,116.95570508997767,0.2024805601652374,0.6057792494526903,0.054634420000972295,0.8066650530268165
330,Song_330,Artist_194,hip-hop,297900,161.30045387630366,0.9580734801193802,0.36459372819754,0.9730781629723328,0.8580232710072292
331,Song_331,Artist_144,indie,167924,156.68041835400638,0.3679407513020845,0.2178925542549901,0.22612533124967193,0.9976282974021565
332,Song_332,Artist_127,country,194182,130.24252372761026,0.3269316163380791,0.9880359661555919,0.30419871963628087,0.24149648525686784
333,Song_333,Artist_32,country,262736,164.19255366159103,0.14888805033244468,0.45400162119611487,0.30394251225502733,0.04035082685969971
334,Song_334,Artist_175,electronic,155737,84.70094520441219,0.3056042154902149,0.688274235780237,0.2304166621173499,0.411191517994586
335,Song_335,Artist_186,r&b,221332,73.43035432772734,0.8766507618282006,0.14055296757836078,0.001473822086311416,0.13008066982894695
336,Song_336,Artist_114,jazz,209563,92.36995338203876,0.9963343376272473,0.4855896996593978,0.7293447940879964,0.022425889162055124
337,Song_337,Artist_118,r&b,280445,66.85042273071778,0.36830953050684834,0.027536719869465487,0.9668454997992854,0.3604268271414861
338,Song_338,Artist_21,jazz,287469,123.74034336012384,0.44861063095454257,0.50545511791045,0.22429348328504506,0.7837382510752364
339,Song_339,Artist_157,r&b,248575,172.39268307539538,0.722070938202737,0.9640174071177023,0.6630471918034224,0.5661806912250709
340,Song_340,Artist_37,indie,221371,64.72122488022116,0.8861957804650745,0.3842067129858002,0.7418963269587151,0.31277798921035405
341,Song_341,Artist_108,hip-hop,158709,74.65318968120322,0.5930443341867842,0.03899601257491159,0.8484253790905247,0.6543420054927197
342,Song_342,Artist_50,hip-hop,270322,114.26388339401224,0.39152569817782934,0.03095579091934353,0.4226291970136091,0.23201818030881072
343,Song_343,Artist_181,rock,141172,172.0650021033486,0.41262184084862374,0.3879867599468695,0.30293090564042924,0.014381446072085025
344,Song_344,Artist_7,metal,131555,97.93873259721006,0.6956181464968069,0.16002493646319405,0.3252951340230311,0.7643533864364274
345,Song_345,Artist_26,hip-hop,173276,120.86817704260709,0.0032182636042786816,0.023352096328185912,0.7126213330985128,0.6237430848640091
346,Song_346,Artist_26,hip-hop,177492,64.98874308604705,0.6195893374598407,0.7562136139501768,0.816779466505636,0.76230262450096
347,Song_347,Artist_20,classical,209599,77.80118411545067,0.3554930104413574,0.4585230088818907,0.18161396775660266,0.03893801668766561
348,Song_348,Artist_29,classical,275834,178.39561475506162,0.7941973312770843,0.2892447719726545,0.3709410081577652,0.8371196278306522
349,Song_349,Artist_96,rock,131046,175.81424357232547,0.09299063982313216,0.9000831830164807,0.90194019674915,0.6195262000363033
350,Song_350,Artist_27,metal,236021,60.592797712129155,0.5882022669483905,0.11613896020052561,0.8066935196947392,0.5633953507126401
351,Song_351,Artist_110,electronic,279841,174.21741425078866,0.48097288988612374,0.9559188289553192,0.9848584027624758,0.6246140481145316
352,Song_352,Artist_191,classical,274222,136.69439253786004,0.6423255259052274,0.3139667173773528,0.7542482596820808,0.8644332468683641
353,Song_353,Artist_196,electronic,124853,164.15019534240264,0.06485359448296835,0.8884036723086812,0.39319520102792227,0.5869365065589071
354,Song_354,Artist_60,pop,240900,114.5687826760631,0.5799837874281313,0.6029428764794615,0.5906378339946378,0.5809503798881793
355,Song_355,Artist_47,classical,272864,121.87152342951003,0.5614845879595237,0.8267073597414875,0.6610142542473203,0.9906791570657658
356,Song_356,Artist_146,indie,179129,118.66158963083042,0.5606600944161709,0.9840131632104643,0.07845581631712395,0.756730167068568
357,Song_357,Artist_3,metal,234130,140.0237109055325,0.6034876665964548,0.2884054378187457,0.5444969591038651,0.4422938054511353
358,Song_358,Artist_34,rock,283059,76.75815057075755,0.6764679372263622,0.961135485407593,0.7093208284726096,0.7073970000329277
359,Song_359,Artist_191,pop,266922,63.596830784721355,0.8049889996807698,0.38948189490242036,0.16732130400106038,0.3892304716917885
360,Song_360,Artist_48,metal,263184,96.95159299094291,0.26982072012821434,0.3855119047369223,0.7806317174255571,0.228875462483499
361,Song_361,Artist_16,indie,241789,144.5616915283976,0.8250494101800621,0.3403871042545057,0.5837727805141116,0.5968518768877594
362,Song_362,Artist_171,metal,275130,84.2224142547538,0.4982556822634536,0.5414076073475852,0.9522217856975946,0.9281820981139515
363,Song_363,Artist_157,indie,296492,140.81189199899006,0.07705827913433116,0.1541450431784871,0.042422298206891695,0.9291395200154627
364,Song_364,Artist_45,indie,158890,176.38944553287246,0.0585509292439792,0.5537114853580112,0.26532613755546697,0.3419052781054903
365,Song_365,Artist_116,electronic,186017,71.2680858947302,0.3342383186960608,0.541704812410004,0.6015538792998241,0.527677466221695
366,Song_366,Artist_5,r&b,298376,140.71225418701516,0.7848969771114676,0.76190181260487,0.2965599122059307,0.2116358985698612
367,Song_367,Artist_98,pop,283993,113.25002631654854,0.7076809347409158,0.8336499619375856,0.7144241640712422,0.9956311094988834
368,Song_368,Artist_123,metal,252596,164.17707052530065,0.7886149646724064,0.44044135031242404,0.759005282521931,0.9811179078679357
369,Song_369,Artist_36,jazz,220424,81.25797473368631,0.5172690564416094,0.30233324935149375,0.10251596406647445,0.6495089297074473
370,Song_370,Artist_23,pop,135048,143.11511426713975,0.44019899795549056,0.25933489731709447,0.5138544642067677,0.8044140596774734
371,Song_371,Artist_92,r&b,286183,160.57383475777323,0.14745252670628395,0.19462383670487193,0.5088905555910559,0.7151001612837
372,Song_372,Artist_45,pop,288976,173.3537063368828,0.32819275360931155,0.05764758219902488,0.36928077021554107,0.5931582190394682
373,Song_373,Artist_180,hip-hop,174912,141.9897633947575,0.43401936617387527,0.34244797883471334,0.9329248625696721,0.053347996988897695
374,Song_374,Artist_94,jazz,154008,119.66097168101128,0.08860042967961723,0.27024769213078326,0.8275063198732212,0.45476434255266107
375,Song_375,Artist_98,r&b,251132,134.14166882414565,0.22061195271121126,0.9664173858664074,0.6972093819096368,0.6747863021674105
376,Song_376,Artist_187,electronic,203559,164.2685981374462,0.5982252940637388,0.5577088262500439,0.7143266357349976,0.6775316138836847
377,Song_377,Artist_115,metal,175337,128.47316959665957,0.7356631142391898,0.34727703903050755,0.4617161438131191,0.3731226184223836
378,Song_378,Artist_190,country,230616,63.64644716362042,0.9983475113929496,0.580467600993696,0.9209945210965759,0.9416919866580306
379,Song_379,Artist_159,r&b,133350,171.71384346083732,0.9331133313435577,0.1391967013456955,0.6945954272532854,0.167357032236781
380,Song_380,Artist_160,rock,144354,142.74321012378735,0.6425651995351915,0.4440437492022029,0.7289810616558164,0.5003594462155606
381,Song_381,Artist_66,metal,165186,141.18160629326957,0.421248053294072,0.6262343214210638,0.8616909037873453,0.6908839765508228
382,Song_382,Artist_127,r&b,148145,85.88101828772606,0.6361773647082327,0.4888978317924514,0.274071589342191,0.6971358058918092
383,Song_383,Artist_17,hip-hop,285092,139.06625642791886,0.785651618080232,0.40177880065432425,0.807070903866703,0.6486389567688156
384,Song_384,Artist_24,country,206123,107.26372867849902,0.11833619092338732,0.9938483888996982,0.19524060295649204,0.27528821345186016
385,Song_385,Artist_53,hip-hop,140581,138.14795724497904,0.40990488969628824,0.880314762148927,0.34534195224488784,0.15620656868662197
386,Song_386,Artist_57,country,208929,72.79116363695888,0.8398022856356172,0.6234059581594401,0.3356104542698427,0.6359403268267109
387,Song_387,Artist_66,rock,143051,138.94143655236434,0.383832951933044,0.5693773611822828,0.9785254683891406,0.5993021161394377
388,Song_388,Artist_103,metal,171474,179.92964709248,0.5718722712271865,0.620660479824584,0.8565372237479268,0.17935601028924097
389,Song_389,Artist_173,electronic,211748,65.78544466326673,0.5877693608621982,0.20131210782243325,0.7011698615902597,0.7051391455705633
390,Song_390,Artist_23,hip-hop,245995,177.26090210655806,0.18447625313363936,0.3951377432643186,0.7270567616153901,0.4551719917336564
391,Song_391,Artist_113,hip-hop,189626,108.82895528674447,0.3622354416522884,0.03945953289089932,0.5620727944025711,0.6677605916031529
392,Song_392,Artist_31,indie,126960,164.4904140404711,0.33451128874193214,0.47554603748682667,0.9470906671085191,0.8373670797701507
393,Song_393,Artist_174,country,286844,153.88625808699283,0.026196708532064794,0.5430245839576632,0.49625875288236154,0.16972842857692316
394,Song_394,Artist_85,classical,272592,128.04195131840012,0.024191763891355245,0.2277497361032096,0.3805177098698945,0.01914486799683668
395,Song_395,Artist_150,metal,156408,148.61390511015918,0.8316970436757735,0.9640288471655137,0.163035336931591,0.7791025863957868
396,Song_396,Artist_193,country,214006,165.42186735616175,0.2730708099728124,0.909454610937242,0.786205652261058,0.6096974251526159
397,Song_397,Artist_126,indie,177134,108.49683859812396,0.5180787662388154,0.7221432354559059,0.7344439320755914,0.6996395696221217
398,Song_398,Artist_154,pop,271563,99.24397938758864,0.29872557358877305,0.5333866287653626,0.3843550385241349,0.8381549749886426
399,Song_399,Artist_129,country,252413,140.11120626763017,0.9406792451153405,0.869969159647685,0.02519341395922936,0.8028109348245005
400,Song_400,Artist_16,electronic,295695,156.94151303295104,0.25929675886577375,0.1306523438234629,0.8389973277180107,0.9609201469288247
401,Song_401,Artist_103,metal,210327,151.4742161731939,0.4296568127389351,0.790509794274885,0.011417983454073632,0.5359350788521182
402,Song_402,Artist_160,indie,251410,155.73763786303613,0.8727302504846018,0.1248208139668483,0.703699779629051,0.48849563265990537
403,Song_403,Artist_136,pop,263326,112.26999777755196,0.8419335667918086,0.7942106625494054,0.970257109726057,0.4018871998907301
404,Song_404,Artist_42,jazz,131344,158.1401059410026,0.18610141784627732,0.27576756825135695,0.43766132814820347,0.15369104284420454
405,Song_405,Artist_175,indie,252822,74.42508664447301,0.8026433097957104,0.8770905810181889,0.23497340499595276,0.5726072328820224
406,Song_406,Artist_38,jazz,187957,125.33869175530195,0.45818688673789265,0.9440420938253978,0.7048710100433817,0.2770125243259788
407,Song_407,Artist_169,metal,225423,60.69103925977459,0.4829688720853552,0.14879596940511564,0.8171281420155851,0.9213075122129755
408,Song_408,Artist_25,hip-hop,178053,98.95029958803244,0.13347997241594378,0.4626756050653935,0.5464303160778473,0.5831908042770976
409,Song_409,Artist_98,indie,266968,103.97538418456774,0.08060151375712465,0.9809873781626851,0.9670352752561462,0.5928401805081102
410,Song_410,Artist_49,rock,197454,107.54072299311065,0.7279393069737652,0.4834074359731466,0.0516687216579611,0.35492466087701
411,Song_411,Artist_152,jazz,210600,143.45606480278346,0.49646115235529975,0.8635475225145451,0.5047955983045281,0.05198935197770749
412,Song_412,Artist_151,electronic,242732,106.62697215244148,0.43685070261517955,0.5887315221313199,0.7184539473225501,0.03174376537298862
413,Song_413,Artist_12,rock,279007,113.84323471470368,0.7295082286523967,0.37532990791960186,0.862640471149179,0.4233351441531975
414,Song_414,Artist_59,r&b,157641,88.50529570491929,0.7655128989911097,0.2857835555258702,0.17925561190779005,0.08456537809723785
415,Song_415,Artist_134,r&b,149711,104.79021499552081,0.15890816766935356,0.20322309108608727,0.8000034817636814,0.6068469555401391
416,Song_416,Artist_56,pop,190342,87.27235527157818,0.6102251494776413,0.7617981913776972,0.5527070757185453,0.8809730056396574
417,Song_417,Artist_35,hip-hop,226896,68.78351085221324,0.13535408227768553,0.3865405068230279,0.3965536819899632,0.8829148165187222
418,Song_418,Artist_172,metal,263254,132.41383120576535,0.7513750860290457,0.5112754622007512,0.13171502857909356,0.6590454101322324
419,Song_419,Artist_19,indie,207833,140.18553582660195,0.6569551562671395,0.4923254800011819,0.8652957589089124,0.211231831472931
420,Song_420,Artist_64,classical,176276,134.33884152115374,0.956614621083458,0.5772790292331312,0.15727320817971535,0.8629968313588721
421,Song_421,Artist_7,electronic,139541,115.61928525606868,0.06895801635642118,0.8655771456245522,0.30978785920909924,0.8860934353132082
422,Song_422,Artist_143,jazz,214457,105.57429362150758,0.05705472115125432,0.9807393435834294,0.2900455319624369,0.1966535849529587
423,Song_423,Artist_141,metal,164813,163.60003794861902,0.28218707469320015,0.40758420857381694,0.8714140341908543,0.7374260857706773
424,Song_424,Artist_114,rock,288270,122.28981421634617,0.26170568373590597,0.8275189221063031,0.672702994208898,0.28651954892712295
425,Song_425,Artist_142,r&b,259892,117.50182531556771,0.24697879907199982,0.7645277946547177,0.7966813971913723,0.8026403123529297
426,Song_426,Artist_91,electronic,144070,63.077047896772285,0.9062545805210367,0.5735289514555733,0.250467898792499,0.9972378999036027
427,Song_427,Artist_97,classical,262194,100.94973931513876,0.2495461998495061,0.9560471436119331,0.6248740996069989,0.030026005329392813
428,Song_428,Artist_65,indie,200559,105.62347425430285,0.271949726128631,0.20047451552840279,0.5717459831437487,0.8973658657909319
429,Song_429,Artist_31,pop,161786,107.85873370762806,0.7593982624179637,0.10926421030962141,0.8328303767882711,0.622630533598658
430,Song_430,Artist_190,classical,257809,129.62068430727987,0.44973984245054,0.8539619669554221,0.9060870604812605,0.9733826191648212
431,Song_431,Artist_85,electronic,156062,124.03230560722541,0.7767105569551812,0.4391498166337483,0.012156771477386807,0.4650095175264276
432,Song_432,Artist_50,classical,171571,132.94861113521335,0.06536615756438524,0.8469688542070605,0.6740199190587927,0.8473879305713737
433,Song_433,Artist_152,electronic,145510,151.78599138505538,0.4875711936733843,0.8930902051954149,0.05183579911972902,0.06239406859827723
434,Song_434,Artist_185,electronic,139426,157.5582886459312,0.03361360018328263,0.06245759361907144,0.5488586650773559,0.3352790500782957
435,Song_435,Artist_62,country,157265,146.17476914717932,0.06265320345535452,0.8834647629860607,0.2876327290436782,0.06701653775120997
436,Song_436,Artist_189,jazz,268922,174.66284351459217,0.906437453344411,0.4483190553694222,0.3067765995221412,0.9753431334790705
437,Song_437,Artist_124,r&b,186150,62.187909921163396,0.13924537111759516,0.5104324890042322,0.3529585034523566,0.8169739072718367
438,Song_438,Artist_149,country,207312,83.49335828202553,0.5324206822752171,0.6265925110932102,0.6212924490496101,0.8525474212459705
439,Song_439,Artist_57,indie,209613,60.90754499737705,0.41109560260070654,0.9263826067300868,0.3340499656687692,0.9379652314338942
440,Song_440,Artist_57,country,194910,137.69696569855236,0.3473433262588427,0.01911609442976403,0.7326990505902804,0.08510348611978535
441,Song_441,Artist_85,hip-hop,172375,167.76366587399843,0.8998333456872725,0.4768434683178171,0.4045273855738697,0.38559759251333336
442,Song_442,Artist_48,hip-hop,241826,89.21787558915591,0.0218233967754895,0.6877220424305607,0.06835320030995862,0.07103488904400213
443,Song_443,Artist_179,r&b,155435,171.2441453755568,0.6637896861755891,0.7227069576982285,0.7837598424841072,0.21079310155002862
444,Song_444,Artist_169,classical,216443,67.2320868347473,0.9633944342135504,0.692532431537108,0.285758324592706,0.22936577703767236
445,Song_445,Artist_69,jazz,254055,172.13232321666172,0.5601681834618419,0.13443512940812186,0.43276687959926263,0.4691072110475787
446,Song_446,Artist_14,r&b,271734,102.19472246875613,0.9368224620330918,0.29939558837168123,0.6854438832219015,0.2685621674536426
447,Song_447,Artist_53,electronic,143510,72.17049941390599,0.05225787928602377,0.35871552541701346,0.332456157148712,0.10097810681776109
448,Song_448,Artist_187,rock,292070,118.30461110235908,0.4187933190741614,0.804437207679505,0.056585656146715624,0.1674910890941077
449,Song_449,Artist_100,jazz,214071,90.81318812646096,0.26015779096205116,0.278759872414553,0.3739210470128136,0.14727556355209093
450,Song_450,Artist_7,jazz,126640,94.18474823543075,0.7308209649807298,0.21070496386720317,0.9444485826943034,0.9730767979122983
451,Song_451,Artist_52,electronic,164547,96.87479579115438,0.9812970904972467,0.9574480190380962,0.6417343972985582,0.7592925069184736
452,Song_452,Artist_59,electronic,174620,156.3631077399196,0.2565300624442478,0.0088632851134689,0.6714791486672069,0.967761465269562
453,Song_453,Artist_107,pop,266389,124.69935320103053,0.6541746014740745,0.9978208556819782,0.6322821536376398,0.43974048650790853
454,Song_454,Artist_4,r&b,235608,97.35692389872044,0.19809763275974013,0.6768212988573956,0.1989921389594368,0.2783684816626566
455,Song_455,Artist_102,electronic,127564,133.2400539973102,0.5653302545716099,0.8284692994491171,0.41833386410228013,0.7982931972091867
456,Song_456,Artist_195,hip-hop,278417,145.93808090678323,0.4639324866883362,0.29461939634619316,0.7509397983633183,0.3262539180411468
457,Song_457,Artist_5,indie,233824,92.71488008802405,0.9720053296315371,0.014315277667059978,0.10137289755315915,0.2993833737053483
458,Song_458,Artist_108,rock,199273,109.62589218304218,0.6085272726964666,0.73786951856153,0.27785277608971226,0.2325059922078312
459,Song_459,Artist_115,r&b,194859,74.62633120043371,0.3495063720868188,0.8341445970006758,0.2763191084658536,0.12967897822423535
460,Song_460,Artist_93,metal,230017,81.73792194416164,0.11409578488793337,0.7404761319535191,0.432018927594506,0.25646306101676597
461,Song_461,Artist_46,hip-hop,243618,141.73414247579794,0.15124682873493456,0.1428502873008386,0.9803687409421851,0.3553197484738877
462,Song_462,Artist_98,classical,245341,81.77260172347523,0.2253169299512351,0.7534279222569691,0.06750254668382194,0.6739942081457304
463,Song_463,Artist_54,electronic,149430,123.01960604004722,0.250966661340298,0.768922782107641,0.518700994380595,0.06256484221945158
464,Song_464,Artist_167,metal,147788,145.08555140669193,0.8506160578411378,0.6585405156700549,0.17936468201221045,0.21050693966534295
465,Song_465,Artist_51,electronic,299615,72.82523077136926,0.5612227882825249,0.7661159327955862,0.9706765454097441,0.8090236402916764
466,Song_466,Artist_143,jazz,264991,128.07746635546843,0.5233909113743664,0.8459214396777321,0.1133035047274642,0.14692192358377076
467,Song_467,Artist_12,hip-hop,189346,90.78753404416365,0.11476887186921747,0.6136041142374584,0.40360100236159124,0.34264514652252154
468,Song_468,Artist_113,jazz,216122,175.55122502850958,0.860139693349435,0.08860471396967906,0.7378849848346062,0.8646589218581401
469,Song_469,Artist_123,pop,159974,118.02547760639096,0.7228143032084837,0.48762780966721087,0.7045544280274453,0.15492531114344266
470,Song_470,Artist_105,jazz,227309,156.71910597301897,0.06766836190000158,0.07764933467160506,0.42272863689393225,0.0827368356181899
471,Song_471,Artist_157,pop,136371,126.02718505875141,0.7078350972297687,0.40754303103243084,0.34652416795271823,0.48453799508001083
472,Song_472,Artist_146,pop,165084,65.2095039425783,0.5435382173426461,0.40710648912562764,0.39761237855287057,0.3024195112785364
473,Song_473,Artist_144,metal,280701,135.9781650712827,0.08172534574677826,0.06600984414024158,0.2642762631586393,0.5634083644838541
474,Song_474,Artist_119,electronic,181916,174.16840106479884,0.45830064152865646,0.3488205339694793,0.2053329387067998,0.8038048904834751
475,Song_475,Artist_62,classical,193972,132.19341841755974,0.484696287130047,0.11099809879131484,0.48303969755889,0.13714848815274316
476,Song_476,Artist_18,jazz,132984,158.3026631312148,0.16577454016327575,0.8082352100092222,0.2685337560676073,0.580699084554285
477,Song_477,Artist_91,hip-hop,153039,166.10477560180894,0.9456981470002823,0.9476880259644708,0.2874616648972501,0.5055087603898639
478,Song_478,Artist_57,pop,205431,87.3695726338719,0.8499753714806619,0.0723164752579386,0.6567560634745571,0.14407878601319957
479,Song_479,Artist_182,electronic,203691,85.4453807889872,0.6690223373291083,0.9551152072917014,0.9685373316998922,0.6239984855289824
480,Song_480,Artist_89,rock,178606,133.317718662119,0.4622955610006072,0.5225765993367452,0.6036372005593751,0.27364041786077165
481,Song_481,Artist_116,r&b,261688,109.32341637680456,0.4117655415845085,0.2995656779538739,0.07697946706496628,0.4878343185440125
482,Song_482,Artist_61,metal,222665,160.78335634400645,0.6509734671509542,0.07686207527616351,0.07558361385406698,0.08227232427706188
483,Song_483,Artist_22,classical,225373,168.00277480776134,0.5454318694069055,0.5006242680704178,0.951423220845566,0.45958405721362305
484,Song_484,Artist_126,country,144574,102.41056551632617,0.062273105881885615,0.7945155444907487,0.29729079030733363,0.3064634680428203
485,Song_485,Artist_136,metal,254502,88.42446707693784,0.5125026487703317,0.7070864772666982,0.09206698608247543,0.8223812111853543
486,Song_486,Artist_139,rock,263748,153.66306182926343,0.8064036172328395,0.05022601146397376,0.5990445871503816,0.05697872699736828
487,Song_487,Artist_128,r&b,261888,92.97672426577633,0.45923987759695806,0.07290183536790351,0.6236487782902661,0.41860727491832994
488,Song_488,Artist_57,rock,152733,158.71371822164141,0.05195657755426841,0.4028732826326371,0.6485048201186882,0.458431424131438
489,Song_489,Artist_121,jazz,122050,110.84859043785154,0.7862781993840331,0.2952904940479433,0.2674020278575413,0.7250060762991187
490,Song_490,Artist_0,pop,229996,140.10598791497645,0.2013637821359744,0.23238432305604784,0.015110684214475034,0.574287575090211
491,Song_491,Artist_33,classical,153933,71.46423766016018,0.2586208348880388,0.2810044989087136,0.9650153694544719,0.667212337194181
492,Song_492,Artist_95,indie,144951,134.86311896118877,0.1647063534322959,0.8034827432968846,0.2508930456911025,0.7770492856517561
493,Song_493,Artist_125,pop,152413,114.2121214484675,0.33021506487149754,0.9292280536318539,0.6760262880525475,0.8622029736581888
494,Song_494,Artist_117,indie,285873,130.3930155810569,0.756751505688635,0.4051026945275664,0.7066298698787096,0.3138754967224705
495,Song_495,Artist_47,r&b,283985,80.1617049293836,0.5193858595039373,0.9061110021324971,0.6100074170794857,0.538022705363903
496,Song_496,Artist_88,electronic,232573,148.42484939330186,0.20488127415071256,0.32149570124788196,0.3129073942136482,0.8401080784391999
497,Song_497,Artist_116,country,291672,163.53564930518743,0.8778300781520408,0.4764369863437916,0.27109625376406576,0.9894511309650564
498,Song_498,Artist_128,hip-hop,286472,86.00877601089307,0.8795818549515292,0.22602899781599972,0.5976682827027031,0.8895193110437631
499,Song_499,Artist_15,pop,255566,71.4857466624194,0.8705784250460069,0.640476042175844,0.8660956336116915,0.3714672626243768
